precision,recall,f1-score,support,matthew
0.8776632302405498,0.9711026615969581,0.9220216606498194,1315.0,0.519491061507747
0.7840909090909091,0.43670886075949367,0.5609756097560975,316.0,0.519491061507747
0.8675659104843654,0.8675659104843654,0.8675659104843654,0.8675659104843654,0.519491061507747
0.8308770696657295,0.7039057611782259,0.7414986352029584,1631.0,0.519491061507747
0.8595339515874005,0.8675659104843654,0.8520703718193988,1631.0,0.519491061507747
