precision,recall,f1-score,support,matthew
0.8817733990147784,0.9735819735819736,0.9254062038404728,1287.0,0.5324510024801272
0.7976190476190477,0.44370860927152317,0.5702127659574467,302.0,0.5324510024801272
0.8728760226557584,0.8728760226557584,0.8728760226557584,0.8728760226557584,0.5324510024801272
0.839696223316913,0.7086452914267484,0.7478094848989598,1589.0,0.5324510024801272
0.8657793057979687,0.8728760226557584,0.8578993327009674,1589.0,0.5324510024801272
