precision,recall,f1-score,support,matthew
0.883638928067701,0.9631053036126057,0.9216623758734829,1301.0,0.5245959017804099
0.7525773195876289,0.4694533762057878,0.5782178217821783,311.0,0.5245959017804099
0.8678660049627791,0.8678660049627791,0.8678660049627791,0.8678660049627791,0.5245959017804099
0.8181081238276648,0.7162793399091968,0.7499400988278306,1612.0,0.5245959017804099
0.858353468863419,0.8678660049627791,0.8554022913062398,1612.0,0.5245959017804099
