precision,recall,f1-score,support,matthew
0.882111034955449,0.9720543806646526,0.924901185770751,1324.0,0.5068180024660551
0.7716049382716049,0.4208754208754209,0.5446623093681917,297.0,0.5068180024660551
0.8710672424429364,0.8710672424429364,0.8710672424429364,0.8710672424429364,0.5068180024660551
0.8268579866135269,0.6964649007700368,0.7347817475694713,1621.0,0.5068180024660551
0.8618640820158429,0.8710672424429364,0.8552337296994615,1621.0,0.5068180024660551
