precision,recall,f1-score,support,matthew
0.8776928422515636,0.9737856592135697,0.9232456140350878,1297.0,0.5269148898524268
0.8,0.4358974358974359,0.5643153526970954,312.0,0.5269148898524268
0.8694841516469857,0.8694841516469857,0.8694841516469857,0.8694841516469857,0.5269148898524268
0.8388464211257818,0.7048415475555028,0.7437804833660916,1609.0,0.5269148898524268
0.8626274806713972,0.8694841516469857,0.8536457125202005,1609.0,0.5269148898524268
