precision,recall,f1-score,support,matthew
0.8799444829979182,0.9761354888375674,0.9255474452554744,1299.0,0.5376051516994101
0.8143712574850299,0.4401294498381877,0.5714285714285714,309.0,0.5376051516994101
0.8731343283582089,0.8731343283582089,0.8731343283582089,0.8731343283582089,0.5376051516994101
0.847157870241474,0.7081324693378775,0.7484880083420229,1608.0,0.5376051516994101
0.8673436579460012,0.8731343283582089,0.8574984825611254,1608.0,0.5376051516994101
