precision,recall,f1-score,support,matthew
0.8835425383542538,0.9642313546423136,0.9221251819505094,1314.0,0.48174195288900773
0.7202380952380952,0.4201388888888889,0.5307017543859649,288.0,0.48174195288900773
0.8664169787765293,0.8664169787765293,0.8664169787765293,0.8664169787765293,0.48174195288900773
0.8018903167961745,0.6921851217656012,0.7264134681682372,1602.0,0.48174195288900773
0.8541844362210117,0.8664169787765293,0.8517569253096925,1602.0,0.48174195288900773
