precision,recall,f1-score,support,matthew
0.8782489740082079,0.9727272727272728,0.923076923076923,1320.0,0.4930228792831112
0.7692307692307693,0.40268456375838924,0.5286343612334802,298.0,0.4930228792831112
0.8677379480840544,0.8677379480840544,0.8677379480840544,0.8677379480840544,0.4930228792831112
0.8237398716194886,0.687705918242831,0.7258556421552016,1618.0,0.4930228792831112
0.8581702193582224,0.8677379480840544,0.8504292818968575,1618.0,0.4930228792831112
