precision,recall,f1-score,support,matthew
0.879066478076379,0.9665629860031104,0.9207407407407407,1286.0,0.49946419385220103
0.75,0.43,0.5466101694915255,300.0,0.49946419385220103
0.8650693568726355,0.8650693568726355,0.8650693568726355,0.8650693568726355,0.49946419385220103
0.8145332390381895,0.6982814930015552,0.7336754551161331,1586.0,0.49946419385220103
0.8546528945814776,0.8650693568726355,0.8499720324338275,1586.0,0.49946419385220103
