precision,recall,f1-score,support,matthew
0.8882720333102012,0.9763539282990084,0.9302325581395348,1311.0,0.5676978874410792
0.8248587570621468,0.4755700325732899,0.6033057851239669,307.0,0.5676978874410792
0.8813349814585909,0.8813349814585909,0.8813349814585909,0.8813349814585909,0.5676978874410792
0.856565395186174,0.7259619804361491,0.7667691716317508,1618.0,0.5676978874410792
0.8762399716240747,0.8813349814585909,0.8682013348294116,1618.0,0.5676978874410792
