precision,recall,f1-score,support,matthew
0.8732590529247911,0.9572519083969465,0.9133284777858703,1310.0,0.4436575234894419
0.6818181818181818,0.3973509933774834,0.502092050209205,302.0,0.4436575234894419
0.8523573200992556,0.8523573200992556,0.8523573200992556,0.8523573200992556,0.4436575234894419
0.7775386173714864,0.6773014508872149,0.7077102639975377,1612.0,0.4436575234894419
0.8373935795537019,0.8523573200992556,0.8362854249768424,1612.0,0.4436575234894419
