precision,recall,f1-score,support,matthew
0.8787671232876713,0.9719696969696969,0.923021582733813,1320.0,0.49362071357880033
0.7658227848101266,0.40604026845637586,0.5307017543859649,298.0,0.49362071357880033
0.8677379480840544,0.8677379480840544,0.8677379480840544,0.8677379480840544,0.49362071357880033
0.8222949540488989,0.6890049827130365,0.726861668559889,1618.0,0.49362071357880033
0.8579652611947737,0.8677379480840544,0.8507649023582513,1618.0,0.49362071357880033
