precision,recall,f1-score,support,matthew
0.8751753155680224,0.9526717557251908,0.9122807017543859,1310.0,0.44365948113109704
0.6666666666666666,0.4105960264900662,0.5081967213114753,302.0,0.44365948113109704
0.8511166253101737,0.8511166253101737,0.8511166253101737,0.8511166253101737,0.44365948113109704
0.7709209911173445,0.6816338911076285,0.7102387115329306,1612.0,0.44365948113109704
0.8361122808482895,0.8511166253101737,0.836577623532451,1612.0,0.44365948113109704
