precision,recall,f1-score,support,matthew
0.8732193732193733,0.9623233908948194,0.9156086631814788,1274.0,0.4762628043408046
0.7257142857142858,0.4163934426229508,0.5291666666666668,305.0,0.4762628043408046
0.8568714376187461,0.8568714376187461,0.8568714376187461,0.8568714376187461,0.4762628043408046
0.7994668294668295,0.6893584167588851,0.7223876649240728,1579.0,0.4762628043408046
0.8447272568868516,0.8568714376187461,0.8409634390288393,1579.0,0.4762628043408046
