precision,recall,f1-score,support,matthew
0.8687845303867403,0.9647239263803681,0.9142441860465116,1304.0,0.4253207740249428
0.695364238410596,0.3559322033898305,0.47085201793721976,295.0,0.4253207740249428
0.8524077548467792,0.8524077548467792,0.8524077548467792,0.8524077548467792,0.4253207740249428
0.7820743843986682,0.6603280648850993,0.6925481019918657,1599.0,0.4253207740249428
0.8367901675768825,0.8524077548467792,0.8324426290782557,1599.0,0.4253207740249428
