precision,recall,f1-score,support,matthew
0.8693259972489684,0.9730561970746728,0.9182709771158736,1299.0,0.4869447026576217
0.7784810126582279,0.3929712460063898,0.5222929936305732,313.0,0.4869447026576217
0.8604218362282878,0.8604218362282878,0.8604218362282878,0.8604218362282878,0.4869447026576217
0.8239035049535981,0.6830137215405313,0.7202819853732234,1612.0,0.4869447026576217
0.8516867415561014,0.8604218362282878,0.8413844331761099,1612.0,0.4869447026576217
