precision,recall,f1-score,support,matthew
0.86731843575419,0.9672897196261683,0.9145802650957292,1284.0,0.4771461535374443
0.7514792899408284,0.40063091482649843,0.522633744855967,317.0,0.4771461535374443
0.8550905683947533,0.8550905683947533,0.8550905683947533,0.8550905683947533,0.4771461535374443
0.8093988628475092,0.6839603172263333,0.7186070049758482,1601.0,0.4771461535374443
0.8443821401746548,0.8550905683947533,0.8369743644611229,1601.0,0.4771461535374443
