precision,recall,f1-score,support,matthew
0.8799444829979182,0.9716475095785441,0.9235251274581209,1305.0,0.4757955735823856
0.7482993197278912,0.38869257950530034,0.5116279069767442,283.0,0.4757955735823856
0.8677581863979849,0.8677581863979849,0.8677581863979849,0.8677581863979849,0.4757955735823856
0.8141219013629046,0.6801700445419222,0.7175765172174325,1588.0,0.4757955735823856
0.8564837895436249,0.8677581863979849,0.8501202701557092,1588.0,0.4757955735823856
