precision,recall,f1-score,support,matthew
0.8763102725366876,0.9736024844720497,0.9223979404192717,1288.0,0.5119486973681366
0.7901234567901234,0.419672131147541,0.5481798715203425,305.0,0.5119486973681366
0.8675455116133082,0.8675455116133082,0.8675455116133082,0.8675455116133082,0.5119486973681366
0.8332168646634055,0.6966373078097954,0.7352889059698071,1593.0,0.5119486973681366
0.8598087164772387,0.8675455116133082,0.8507491576106255,1593.0,0.5119486973681366
