precision,recall,f1-score,support,matthew
0.8724878724878725,0.9707016191210486,0.918978102189781,1297.0,0.49515048300663395
0.7710843373493976,0.41025641025641024,0.5355648535564853,312.0,0.49515048300663395
0.8620261031696707,0.8620261031696707,0.8620261031696707,0.8620261031696707,0.49515048300663395
0.821786104918635,0.6904790146887294,0.7272714778731332,1609.0,0.49515048300663395
0.8528247879861919,0.8620261031696707,0.8446307227158294,1609.0,0.49515048300663395
