precision,recall,f1-score,support,matthew
0.8803358992302309,0.965464313123561,0.9209370424597364,1303.0,0.4752414060405179
0.7239263803680982,0.4083044982698962,0.5221238938053097,289.0,0.4752414060405179
0.864321608040201,0.864321608040201,0.864321608040201,0.864321608040201,0.4752414060405179
0.8021311397991646,0.6868844056967286,0.721530468132523,1592.0,0.4752414060405179
0.8519424627031227,0.864321608040201,0.848539429418826,1592.0,0.4752414060405179
