precision,recall,f1-score,support,matthew
0.8655052264808363,0.9672897196261683,0.9135711658698051,1284.0,0.4685642040788102
0.7469879518072289,0.3911671924290221,0.5134575569358178,317.0,0.4685642040788102
0.8532167395377889,0.8532167395377889,0.8532167395377889,0.8532167395377889,0.4685642040788102
0.8062465891440326,0.6792284560275952,0.7135143614028114,1601.0,0.4685642040788102
0.8420386580414024,0.8532167395377889,0.8343481714712581,1601.0,0.4685642040788102
