precision,recall,f1-score,support,matthew
0.8726158038147139,0.9726651480637813,0.9199281867145421,1317.0,0.4734618016758002
0.7615894039735099,0.38079470198675497,0.5077262693156733,302.0,0.4734618016758002
0.862260654725139,0.862260654725139,0.862260654725139,0.862260654725139,0.4734618016758002
0.8171026038941119,0.6767299250252682,0.7138272280151077,1619.0,0.4734618016758002
0.851905505635564,0.862260654725139,0.8430381440620044,1619.0,0.4734618016758002
