precision,recall,f1-score,support,matthew
0.8858350951374208,0.9602750190985485,0.9215542521994134,1309.0,0.4840890806231564
0.7062146892655368,0.4355400696864111,0.5387931034482758,287.0,0.4840890806231564
0.8659147869674185,0.8659147869674185,0.8659147869674185,0.8659147869674185,0.4840890806231564
0.7960248922014788,0.6979075443924798,0.7301736778238446,1596.0,0.4840890806231564
0.853534934432389,0.8659147869674185,0.852724396502937,1596.0,0.4840890806231564
