precision,recall,f1-score,support,matthew
0.8694736842105263,0.96796875,0.9160813308687615,1280.0,0.4761765383910711
0.75,0.39805825242718446,0.5200845665961944,309.0,0.4761765383910711
0.8571428571428571,0.8571428571428571,0.8571428571428571,0.8571428571428571,0.4761765383910711
0.8097368421052631,0.6830135012135923,0.718082948732478,1589.0,0.4761765383910711
0.8462406015037593,0.8571428571428571,0.8390750375017236,1589.0,0.4761765383910711
