precision,recall,f1-score,support,matthew
0.8776520509193777,0.9702892885066459,0.9216487189008541,1279.0,0.5266302525425145
0.7865168539325843,0.4472843450479233,0.5702647657841141,313.0,0.5266302525425145
0.867462311557789,0.867462311557789,0.867462311557789,0.867462311557789,0.5266302525425145
0.832084452425981,0.7087868167772846,0.7459567423424841,1592.0,0.5266302525425145
0.8597341384464717,0.867462311557789,0.8525638085204902,1592.0,0.5266302525425145
