precision,recall,f1-score,support,matthew
0.88268156424581,0.9700690713737529,0.9243144424131626,1303.0,0.5523924367274627
0.7979274611398963,0.4782608695652174,0.5980582524271845,322.0,0.5523924367274627
0.8726153846153846,0.8726153846153846,0.8726153846153846,0.8726153846153846,0.5523924367274627
0.8403045126928532,0.7241649704694851,0.7611863474201735,1625.0,0.5523924367274627
0.8658872127380536,0.8726153846153846,0.8596655235359411,1625.0,0.5523924367274627
