precision,recall,f1-score,support,matthew
0.8797512093987561,0.9687975646879756,0.9221296631655197,1314.0,0.47363880737144876
0.7354838709677419,0.3958333333333333,0.5146726862302483,288.0,0.47363880737144876
0.865792759051186,0.865792759051186,0.865792759051186,0.865792759051186,0.47363880737144876
0.807617540183249,0.6823154490106544,0.718401174697884,1602.0,0.47363880737144876
0.8538155081077872,0.865792759051186,0.8488789706827743,1602.0,0.47363880737144876
