precision,recall,f1-score,support,matthew
0.8734610123119015,0.9711026615969581,0.9196975153042852,1315.0,0.5001422599442162
0.7751479289940828,0.41455696202531644,0.5402061855670103,316.0,0.5001422599442162
0.8632740649908032,0.8632740649908032,0.8632740649908032,0.8632740649908032,0.5001422599442162
0.8243044706529922,0.6928298118111373,0.7299518504356477,1631.0,0.5001422599442162
0.8544132291552916,0.8632740649908032,0.8461725243803253,1631.0,0.5001422599442162
