precision,recall,f1-score,support,matthew
0.8796622097114708,0.9704968944099379,0.9228497600590624,1288.0,0.5416718947922314
0.7956989247311828,0.46394984326018807,0.5861386138613861,319.0,0.5416718947922314
0.8699439950217797,0.8699439950217797,0.8699439950217797,0.8699439950217797,0.5416718947922314
0.8376805672213268,0.717223368835063,0.7544941869602242,1607.0,0.5416718947922314
0.8629949490339898,0.8699439950217797,0.8560103974971093,1607.0,0.5416718947922314
