precision,recall,f1-score,support,matthew
0.8859957776213934,0.9618029029793735,0.9223443223443223,1309.0,0.48838267007606073
0.7142857142857143,0.4355400696864111,0.5411255411255412,287.0,0.48838267007606073
0.8671679197994987,0.8671679197994987,0.8671679197994987,0.8671679197994987,0.48838267007606073
0.8001407459535539,0.6986714863328923,0.7317349317349318,1596.0,0.48838267007606073
0.8551180907934862,0.8671679197994987,0.8537918222128748,1596.0,0.48838267007606073
