precision,recall,f1-score,support,matthew
0.883016208597604,0.9653312788906009,0.9223408170776591,1298.0,0.49039609094689685
0.7321428571428571,0.42560553633217996,0.5382932166301969,289.0,0.49039609094689685
0.867044738500315,0.867044738500315,0.867044738500315,0.867044738500315,0.49039609094689685
0.8075795328702305,0.6954684076113904,0.730317016853928,1587.0,0.49039609094689685
0.8555414772992915,0.867044738500315,0.8524039824656133,1587.0,0.49039609094689685
