precision,recall,f1-score,support,matthew
0.8729395604395604,0.9650721336370539,0.9166967183555716,1317.0,0.4563182852468105
0.7177914110429447,0.38741721854304634,0.503225806451613,302.0,0.4563182852468105
0.8573193329215565,0.8573193329215565,0.8573193329215565,0.8573193329215565,0.4563182852468105
0.7953654857412527,0.6762446760900501,0.7099612624035923,1619.0,0.4563182852468105
0.8439990162037495,0.8573193329215565,0.8395699639423564,1619.0,0.4563182852468105
