precision,recall,f1-score,support,matthew
0.8743893928820656,0.9698142414860681,0.9196330275229357,1292.0,0.47657518985145303
0.75,0.3939393939393939,0.5165562913907283,297.0,0.47657518985145303
0.8621774701069855,0.8621774701069855,0.8621774701069855,0.8621774701069855,0.47657518985145303
0.8121946964410328,0.681876817712731,0.718094659456832,1589.0,0.47657518985145303
0.8511397706756632,0.8621774701069855,0.8442939522357956,1589.0,0.47657518985145303
