precision,recall,f1-score,support,matthew
0.878556557945871,0.9701149425287356,0.922068463219228,1305.0,0.46444046314649673
0.7346938775510204,0.38162544169611307,0.5023255813953489,283.0,0.46444046314649673
0.8652392947103275,0.8652392947103275,0.8652392947103275,0.8652392947103275,0.46444046314649673
0.8066252177484456,0.6758701921124244,0.7121970223072884,1588.0,0.46444046314649673
0.8529185613767635,0.8652392947103275,0.8472654181586752,1588.0,0.46444046314649673
