precision,recall,f1-score,support,matthew
0.8846931894807822,0.9761904761904762,0.9281924301379554,1344.0,0.5173060216256837
0.7935483870967742,0.41836734693877553,0.5478841870824054,294.0,0.5173060216256837
0.8760683760683761,0.8760683760683761,0.8760683760683761,0.8760683760683761,0.5173060216256837
0.8391207882887782,0.6972789115646258,0.7380383086101804,1638.0,0.5173060216256837
0.8683338659759602,0.8760683760683761,0.85993197625619,1638.0,0.5173060216256837
