precision,recall,f1-score,support,matthew
0.8816901408450705,0.9750778816199377,0.9260355029585798,1284.0,0.5466852264022496
0.813953488372093,0.45454545454545453,0.5833333333333334,308.0,0.5466852264022496
0.8743718592964824,0.8743718592964824,0.8743718592964824,0.8743718592964824,0.5466852264022496
0.8478218146085817,0.7148116680826961,0.7546844181459567,1592.0,0.5466852264022496
0.8685853110952734,0.8743718592964824,0.8597338269255548,1592.0,0.5466852264022496
