precision,recall,f1-score,support,matthew
0.8827964359150103,0.9787234042553191,0.9282882882882884,1316.0,0.5365875684078093
0.821656050955414,0.43,0.5645514223194749,300.0,0.5365875684078093
0.8768564356435643,0.8768564356435643,0.8768564356435643,0.8768564356435643,0.5365875684078093
0.8522262434352121,0.7043617021276596,0.7464198553038817,1616.0,0.5365875684078093
0.8714461169249863,0.8768564356435643,0.8607628800019986,1616.0,0.5365875684078093
