precision,recall,f1-score,support,matthew
0.8745595489781536,0.9702892885066459,0.9199406968124536,1279.0,0.5128448784715632
0.7803468208092486,0.43130990415335463,0.5555555555555556,313.0,0.5128448784715632
0.864321608040201,0.864321608040201,0.864321608040201,0.864321608040201,0.5128448784715632
0.827453184893701,0.7007995963300002,0.7377481261840046,1592.0,0.5128448784715632
0.8560365691308752,0.864321608040201,0.8482996483115686,1592.0,0.5128448784715632
