precision,recall,f1-score,support,matthew
0.8718125430737422,0.9641768292682927,0.9156713716974302,1312.0,0.47539651587223586
0.7329545454545454,0.4095238095238095,0.5254582484725051,315.0,0.47539651587223586
0.8567916410571604,0.8567916410571604,0.8567916410571604,0.8567916410571604,0.47539651587223586
0.8023835442641438,0.6868503193960511,0.7205648100849676,1627.0,0.47539651587223586
0.8449285423054281,0.8567916410571604,0.8401230411406684,1627.0,0.47539651587223586
