precision,recall,f1-score,support,matthew
0.8713210130047913,0.9702743902439024,0.9181391994230075,1312.0,0.48749968074348266
0.7650602409638554,0.4031746031746032,0.5280665280665281,315.0,0.48749968074348266
0.860479409956976,0.860479409956976,0.860479409956976,0.860479409956976,0.48749968074348266
0.8181906269843233,0.6867244967092527,0.7231028637447678,1627.0,0.48749968074348266
0.850748091558636,0.860479409956976,0.8426180614529454,1627.0,0.48749968074348266
