precision,recall,f1-score,support,matthew
0.8771929824561403,0.9735202492211839,0.9228497600590624,1284.0,0.5225285018823178
0.7964071856287425,0.4318181818181818,0.5599999999999999,308.0,0.5225285018823178
0.8687185929648241,0.8687185929648241,0.8687185929648241,0.8687185929648241,0.5225285018823178
0.8368000840424414,0.7026692155196829,0.7414248800295311,1592.0,0.5225285018823178
0.861563569502096,0.8687185929648241,0.8526501833642187,1592.0,0.5225285018823178
