precision,recall,f1-score,support,matthew
0.8869132290184921,0.9704280155642023,0.9267930137495354,1285.0,0.5144415067782196
0.7639751552795031,0.43617021276595747,0.5553047404063206,282.0,0.5144415067782196
0.8742820676451819,0.8742820676451819,0.8742820676451819,0.8742820676451819,0.5144415067782196
0.8254441921489977,0.70329911416508,0.741048877077928,1567.0,0.5144415067782196
0.8647890830105821,0.8742820676451819,0.8599393487318031,1567.0,0.5144415067782196
