precision,recall,f1-score,support,matthew
0.889741800418702,0.9688449848024316,0.9276100400145507,1316.0,0.5409644383053839
0.7747252747252747,0.47157190635451507,0.5862785862785863,299.0,0.5409644383053839
0.8767801857585139,0.8767801857585139,0.8767801857585139,0.8767801857585139,0.5409644383053839
0.8322335375719884,0.7202084455784734,0.7569443131465685,1615.0,0.5409644383053839
0.8684477191912502,0.8767801857585139,0.8644161671556941,1615.0,0.5409644383053839
