precision,recall,f1-score,support,matthew
0.876499647141849,0.9590733590733591,0.9159292035398231,1295.0,0.4911548675954822
0.7239583333333334,0.4426751592356688,0.549407114624506,314.0,0.4911548675954822
0.858297078931013,0.858297078931013,0.858297078931013,0.858297078931013,0.4911548675954822
0.8002289902375912,0.700874259154514,0.7326681590821645,1609.0,0.4911548675954822
0.8467308637137112,0.858297078931013,0.8444015864363988,1609.0,0.4911548675954822
