precision,recall,f1-score,support,matthew
0.8898365316275764,0.9653045489591364,0.9260355029585798,1297.0,0.49979662111481943
0.7289156626506024,0.4384057971014493,0.5475113122171946,276.0,0.49979662111481943
0.8728544183089637,0.8728544183089637,0.8728544183089637,0.8728544183089637,0.49979662111481943
0.8093760971390893,0.7018551730302929,0.7367734075878872,1573.0,0.49979662111481943
0.8616012106881964,0.8728544183089637,0.8596193067445796,1573.0,0.49979662111481943
