precision,recall,f1-score,support,matthew
0.8779276082327893,0.9633956386292835,0.9186780542146306,1284.0,0.5048642028798918
0.745945945945946,0.44516129032258067,0.5575757575757576,310.0,0.5048642028798918
0.8626097867001254,0.8626097867001254,0.8626097867001254,0.8626097867001254,0.5048642028798918
0.8119367770893676,0.7042784644759321,0.738126905895194,1594.0,0.5048642028798918
0.8522599072861636,0.8626097867001254,0.8484511332873718,1594.0,0.5048642028798918
