precision,recall,f1-score,support,matthew
0.8701206529453513,0.9623233908948194,0.9139023481177786,1274.0,0.46147804973431805
0.7176470588235294,0.4,0.5136842105263157,305.0,0.46147804973431805
0.8537048765041165,0.8537048765041165,0.8537048765041165,0.8537048765041165,0.46147804973431805
0.7938838558844403,0.6811616954474098,0.7137932793220472,1579.0,0.46147804973431805
0.8406688187419595,0.8537048765041165,0.8365961214139177,1579.0,0.46147804973431805
