precision,recall,f1-score,support,matthew
0.8765603328710125,0.9738058551617874,0.9226277372262774,1298.0,0.5310730112516097
0.8045977011494253,0.44025157232704404,0.5691056910569106,318.0,0.5310730112516097
0.8688118811881188,0.8688118811881188,0.8688118811881188,0.8688118811881188,0.5310730112516097
0.840579017010219,0.7070287137444158,0.745866714141594,1616.0,0.5310730112516097
0.8623993694505517,0.8688118811881188,0.853060898933048,1616.0,0.5310730112516097
