precision,recall,f1-score,support,matthew
0.887384176764077,0.9688715953307393,0.9263392857142857,1285.0,0.5127561376181818
0.7560975609756098,0.4397163120567376,0.5560538116591929,282.0,0.5127561376181818
0.8736439055520102,0.8736439055520102,0.8736439055520102,0.8736439055520102,0.5127561376181818
0.8217408688698433,0.7042939536937385,0.7411965486867393,1567.0,0.5127561376181818
0.8637576128506451,0.8736439055520102,0.8597020785135606,1567.0,0.5127561376181818
