precision,recall,f1-score,support,matthew
0.8789584799437016,0.9734996102883866,0.9238165680473372,1283.0,0.5174398782473683
0.7901234567901234,0.4266666666666667,0.5541125541125541,300.0,0.5174398782473683
0.8698673404927353,0.8698673404927353,0.8698673404927353,0.8698673404927353,0.5174398782473683
0.8345409683669125,0.7000831384775267,0.7389645610799457,1583.0,0.5174398782473683
0.8621230365159861,0.8698673404927353,0.8537526361582438,1583.0,0.5174398782473683
