precision,recall,f1-score,support,matthew
0.875866851595007,0.9798293250581847,0.9249359209080923,1289.0,0.5139115685036889
0.8206896551724138,0.39932885906040266,0.5372460496613995,298.0,0.5139115685036889
0.870825456836799,0.870825456836799,0.870825456836799,0.870825456836799,0.5139115685036889
0.8482782533837103,0.6895790920592937,0.7310909852847459,1587.0,0.5139115685036889
0.8655059161608968,0.870825456836799,0.8521371927218828,1587.0,0.5139115685036889
