precision,recall,f1-score,support,matthew
0.8626110731373889,0.9670498084291188,0.9118497109826589,1305.0,0.4752195087735897
0.7556818181818182,0.39820359281437123,0.5215686274509804,334.0,0.4752195087735897
0.8511287370347773,0.8511287370347773,0.8511287370347773,0.8511287370347773,0.4752195087735897
0.8091464456596036,0.682626700621745,0.7167091692168197,1639.0,0.4752195087735897
0.8408207307608419,0.8511287370347773,0.832317141184257,1639.0,0.4752195087735897
