precision,recall,f1-score,support,matthew
0.8786816269284713,0.9564885496183206,0.9159356725146199,1310.0,0.49440417008341075
0.7164179104477612,0.45425867507886436,0.555984555984556,317.0,0.49440417008341075
0.8586355255070682,0.8586355255070682,0.8586355255070682,0.8586355255070682,0.49440417008341075
0.7975497686881162,0.7053736123485925,0.735960114249588,1627.0,0.49440417008341075
0.8470666311544177,0.8586355255070682,0.845803832354798,1627.0,0.49440417008341075
