precision,recall,f1-score,support,matthew
0.8783216783216783,0.9751552795031055,0.9242089771891095,1288.0,0.5253394780103806
0.803680981595092,0.42950819672131146,0.5598290598290598,305.0,0.5253394780103806
0.8706842435655995,0.8706842435655995,0.8706842435655995,0.8706842435655995,0.5253394780103806
0.8410013299583852,0.7023317381122085,0.7420190185090847,1593.0,0.5253394780103806
0.8640307727965002,0.8706842435655995,0.8544438329362438,1593.0,0.5253394780103806
