precision,recall,f1-score,support,matthew
0.8705636743215032,0.972027972027972,0.9185022026431718,1287.0,0.47506815760220955
0.7631578947368421,0.3841059602649007,0.5110132158590308,302.0,0.47506815760220955
0.8602894902454373,0.8602894902454373,0.8602894902454373,0.8602894902454373,0.47506815760220955
0.8168607845291727,0.6780669661464364,0.7147577092511013,1589.0,0.47506815760220955
0.8501504928019514,0.8602894902454373,0.8410562152241595,1589.0,0.47506815760220955
