precision,recall,f1-score,support,matthew
0.8841379310344828,0.973424449506454,0.9266353451391399,1317.0,0.5229717195230521
0.7865853658536586,0.43434343434343436,0.559652928416486,297.0,0.5229717195230521
0.8742255266418835,0.8742255266418835,0.8742255266418835,0.8742255266418835,0.5229717195230521
0.8353616484440707,0.7038839419249442,0.7431441367778129,1614.0,0.5229717195230521
0.8661868084454464,0.8742255266418835,0.8591051234745624,1614.0,0.5229717195230521
