precision,recall,f1-score,support,matthew
0.8755948334466349,0.972809667673716,0.9216457960644007,1324.0,0.476113073649422
0.76,0.3838383838383838,0.5100671140939597,297.0,0.476113073649422
0.864898210980876,0.864898210980876,0.864898210980876,0.864898210980876,0.476113073649422
0.8177974167233175,0.6783240257560499,0.7158564550791802,1621.0,0.476113073649422
0.8544155209644323,0.864898210980876,0.8462362534701866,1621.0,0.476113073649422
