precision,recall,f1-score,support,matthew
0.9479768786127167,0.9590643274853801,0.9534883720930233,171.0,0.7317223655435197
0.8,0.7567567567567568,0.7777777777777778,37.0,0.7317223655435197
0.9230769230769231,0.9230769230769231,0.9230769230769231,0.9230769230769231,0.7317223655435197
0.8739884393063584,0.8579105421210684,0.8656330749354005,208.0,0.7317223655435197
0.9216540684748776,0.9230769230769231,0.9222321606042537,208.0,0.7317223655435197
