precision,recall,f1-score,support,matthew
0.9523255813953488,0.9069767441860465,0.9290981281905842,903.0,0.6784483357000022
0.6842105263157895,0.8161434977578476,0.7443762781186094,223.0,0.6784483357000022
0.88898756660746,0.88898756660746,0.88898756660746,0.88898756660746,0.6784483357000022
0.8182680538555691,0.861560120971947,0.8367372031545968,1126.0,0.6784483357000022
0.8992264186220436,0.88898756660746,0.892514671204749,1126.0,0.6784483357000022
