precision,recall,f1-score,support,matthew
0.9607843137254902,0.9545454545454546,0.9576547231270358,154.0,0.2739968469400618
0.3,0.3333333333333333,0.3157894736842105,9.0,0.2739968469400618
0.9202453987730062,0.9202453987730062,0.9202453987730062,0.9202453987730062,0.2739968469400618
0.6303921568627451,0.6439393939393939,0.6367220984056232,163.0,0.2739968469400618
0.9242992902682545,0.9202453987730062,0.9222143105811128,163.0,0.2739968469400618
