precision,recall,f1-score,support,matthew
0.9607843137254902,0.9483870967741935,0.9545454545454546,155.0,0.2564858369785032
0.2727272727272727,0.3333333333333333,0.3,9.0,0.2564858369785032
0.9146341463414634,0.9146341463414634,0.9146341463414634,0.9146341463414634,0.2564858369785032
0.6167557932263814,0.6408602150537634,0.6272727272727273,164.0,0.2564858369785032
0.9230250858658321,0.9146341463414634,0.9186252771618625,164.0,0.2564858369785032
