precision,recall,f1-score,support,matthew
0.9479166666666666,0.9069767441860465,0.9269949066213922,903.0,0.6651056506882553
0.6793893129770993,0.7982062780269058,0.734020618556701,223.0,0.6651056506882553
0.8854351687388987,0.8854351687388987,0.8854351687388987,0.8854351687388987,0.6651056506882553
0.8136529898218829,0.8525915111064761,0.8305077625890466,1126.0,0.6651056506882553
0.8947358497281466,0.8854351687388987,0.8887770858057384,1126.0,0.6651056506882553
