precision,recall,f1-score,support,matthew
0.9450171821305842,0.917686318131257,0.9311512415349888,899.0,0.6745816436247165
0.7028112449799196,0.7847533632286996,0.7415254237288135,223.0,0.6745816436247165
0.8912655971479501,0.8912655971479501,0.8912655971479501,0.8912655971479501,0.6745816436247165
0.823914213555252,0.8512198406799782,0.8363383326319012,1122.0,0.6745816436247165
0.8968782124473416,0.8912655971479501,0.8934626877285922,1122.0,0.6745816436247165
