precision,recall,f1-score,support,matthew
0.9408284023668639,0.9190751445086706,0.9298245614035088,173.0,0.6235951615341688
0.6585365853658537,0.7297297297297297,0.6923076923076923,37.0,0.6235951615341688
0.8857142857142857,0.8857142857142857,0.8857142857142857,0.8857142857142857,0.6235951615341688
0.7996824938663588,0.8244024371192001,0.8110661268556005,210.0,0.6235951615341688
0.8910912727047813,0.8857142857142857,0.8879763511342459,210.0,0.6235951615341688
