precision,recall,f1-score,support,matthew
0.9476744186046512,0.9421965317919075,0.9449275362318841,173.0,0.6916972426020689
0.7368421052631579,0.7567567567567568,0.7466666666666667,37.0,0.6916972426020689
0.9095238095238095,0.9095238095238095,0.9095238095238095,0.9095238095238095,0.6916972426020689
0.8422582619339045,0.8494766442743322,0.8457971014492753,210.0,0.6916972426020689
0.9105277729206739,0.9095238095238095,0.9099958592132505,210.0,0.6916972426020689
