precision,recall,f1-score,support,matthew
0.9465116279069767,0.9054505005561735,0.9255258669698693,899.0,0.6595029278709261
0.6755725190839694,0.7937219730941704,0.7298969072164949,223.0,0.6595029278709261
0.8832442067736186,0.8832442067736186,0.8832442067736186,0.8832442067736186,0.6595029278709261
0.8110420734954731,0.8495862368251719,0.827711387093182,1122.0,0.6595029278709261
0.8926618763316374,0.8832442067736186,0.886644175325482,1122.0,0.6595029278709261
