precision,recall,f1-score,support,matthew
0.9506172839506173,0.9005847953216374,0.9249249249249248,171.0,0.6305979520879097
0.6304347826086957,0.7837837837837838,0.6987951807228915,37.0,0.6305979520879097
0.8798076923076923,0.8798076923076923,0.8798076923076923,0.8798076923076923,0.6305979520879097
0.7905260332796564,0.8421842895527105,0.8118600528239082,208.0,0.6305979520879097
0.8936617428465254,0.8798076923076923,0.8846999223505247,208.0,0.6305979520879097
