precision,recall,f1-score,support,matthew
0.9517241379310345,0.9169435215946844,0.9340101522842641,903.0,0.6927993676276111
0.70703125,0.8116591928251121,0.7557411273486431,223.0,0.6927993676276111
0.8960923623445826,0.8960923623445826,0.8960923623445826,0.8960923623445826,0.6927993676276111
0.8293776939655173,0.8643013572098983,0.8448756398164536,1126.0,0.6927993676276111
0.9032636459162736,0.8960923623445826,0.8987046526744564,1126.0,0.6927993676276111
