precision,recall,f1-score,support,matthew
0.9367816091954023,0.9035476718403548,0.9198645598194132,902.0,0.6255074004107624
0.6588235294117647,0.7533632286995515,0.7029288702928871,223.0,0.6255074004107624
0.8737777777777778,0.8737777777777778,0.8737777777777778,0.8737777777777778,0.6255074004107624
0.7978025693035835,0.8284554502699532,0.8113967150561501,1125.0,0.6255074004107624
0.881684140936068,0.8737777777777778,0.8768630853621551,1125.0,0.6255074004107624
