precision,recall,f1-score,support,matthew
0.9343891402714932,0.9177777777777778,0.9260089686098655,900.0,0.6410155747734128
0.6903765690376569,0.7399103139013453,0.7142857142857143,223.0,0.6410155747734128
0.8824577025823687,0.8824577025823687,0.8824577025823687,0.8824577025823687,0.6410155747734128
0.812382854654575,0.8288440458395616,0.8201473414477899,1123.0,0.6410155747734128
0.8859342841849879,0.8824577025823687,0.8839659715357018,1123.0,0.6410155747734128
