precision,recall,f1-score,support,matthew
0.9319492502883506,0.8947951273532669,0.9129943502824859,903.0,0.5968014097266107
0.6332046332046332,0.7354260089686099,0.6804979253112033,223.0,0.5968014097266107
0.8632326820603907,0.8632326820603907,0.8632326820603907,0.8632326820603907,0.5968014097266107
0.7825769417464918,0.8151105681609384,0.7967461377968446,1126.0,0.5968014097266107
0.8727840197291419,0.8632326820603907,0.8669493211807132,1126.0,0.5968014097266107
