precision,recall,f1-score,support,matthew
0.9375,0.9593023255813954,0.9482758620689655,172.0,0.6929678239185292
0.7878787878787878,0.7027027027027027,0.7428571428571429,37.0,0.6929678239185292
0.9138755980861244,0.9138755980861244,0.9138755980861244,0.9138755980861244,0.6929678239185292
0.8626893939393939,0.8310025141420491,0.8455665024630542,209.0,0.6929678239185292
0.9110120342177759,0.9138755980861244,0.9119098687156764,209.0,0.6929678239185292
