precision,recall,f1-score,support,matthew
0.9479768786127167,0.9479768786127167,0.9479768786127167,173.0,0.7047336353694735
0.7567567567567568,0.7567567567567568,0.7567567567567567,37.0,0.7047336353694735
0.9142857142857143,0.9142857142857143,0.9142857142857143,0.9142857142857143,0.7047336353694735
0.8523668176847368,0.8523668176847368,0.8523668176847368,210.0,0.7047336353694735
0.9142857142857143,0.9142857142857143,0.9142857142857143,210.0,0.7047336353694735
