precision,recall,f1-score,support,matthew
0.9285714285714286,0.9017341040462428,0.9149560117302054,173.0,0.5499570362847448
0.5952380952380952,0.6756756756756757,0.6329113924050633,37.0,0.5499570362847448
0.861904761904762,0.861904761904762,0.861904761904762,0.861904761904762,0.5499570362847448
0.7619047619047619,0.7887048898609592,0.7739337020676343,210.0,0.5499570362847448
0.8698412698412697,0.861904761904762,0.865262435944347,210.0,0.5499570362847448
