precision,recall,f1-score,support,matthew
0.9416475972540046,0.9134295227524972,0.9273239436619719,901.0,0.6566114384650741
0.688,0.7713004484304933,0.7272727272727273,223.0,0.6566114384650741
0.8852313167259787,0.8852313167259787,0.8852313167259787,0.8852313167259787,0.6566114384650741
0.8148237986270023,0.8423649855914952,0.8272983354673495,1124.0,0.6566114384650741
0.8913242750230055,0.8852313167259787,0.8876340671007606,1124.0,0.6566114384650741
