precision,recall,f1-score,support,matthew
0.9490445859872612,0.9612903225806452,0.9551282051282051,155.0,0.0815709318757968
0.14285714285714285,0.1111111111111111,0.125,9.0,0.0815709318757968
0.9146341463414634,0.9146341463414634,0.9146341463414634,0.9146341463414634,0.0815709318757968
0.545950864422202,0.5362007168458781,0.5400641025641025,164.0,0.0815709318757968
0.9048025921569497,0.9146341463414634,0.9095723889931207,164.0,0.0815709318757968
