precision,recall,f1-score,support,matthew
0.9428238039673279,0.8977777777777778,0.9197495731360273,900.0,0.6362124312764997
0.6541353383458647,0.7802690582959642,0.7116564417177913,223.0,0.6362124312764997
0.8744434550311665,0.8744434550311665,0.8744434550311665,0.8744434550311665,0.6362124312764997
0.7984795711565963,0.839023418036871,0.8157030074269094,1123.0,0.6362124312764997
0.8854974212125761,0.8744434550311665,0.8784274286068495,1123.0,0.6362124312764997
