precision,recall,f1-score,support,matthew
0.9331026528258363,0.8988888888888888,0.9156762874929258,900.0,0.6074471801150745
0.64453125,0.7399103139013453,0.6889352818371607,223.0,0.6074471801150745
0.8673196794300979,0.8673196794300979,0.8673196794300979,0.8673196794300979,0.6074471801150745
0.7888169514129182,0.819399601395117,0.8023057846650432,1123.0,0.6074471801150745
0.8757995158443924,0.8673196794300979,0.8706511367705433,1123.0,0.6074471801150745
