precision,recall,f1-score,support,matthew
0.9341657207718501,0.9144444444444444,0.9241998877035372,900.0,0.6348795143365369
0.6818181818181818,0.7399103139013453,0.7096774193548387,223.0,0.6348795143365369
0.8797862867319679,0.8797862867319679,0.8797862867319679,0.8797862867319679,0.6348795143365369
0.807991951295016,0.8271773791728949,0.816938653529188,1123.0,0.6348795143365369
0.884055746429314,0.8797862867319679,0.8816010360189782,1123.0,0.6348795143365369
