precision,recall,f1-score,support,matthew
0.9252873563218391,0.930635838150289,0.9279538904899136,173.0,0.5855849916241562
0.6666666666666666,0.6486486486486487,0.6575342465753425,37.0,0.5855849916241562
0.8809523809523809,0.8809523809523809,0.8809523809523809,0.8809523809523809,0.5855849916241562
0.7959770114942528,0.7896422433994689,0.7927440685326281,210.0,0.5855849916241562
0.8797208538587848,0.8809523809523809,0.8803085246573462,210.0,0.5855849916241562
