precision,recall,f1-score,support,matthew
0.9463869463869464,0.9002217294900222,0.9227272727272727,902.0,0.6502504548560164
0.6629213483146067,0.7937219730941704,0.7224489795918366,223.0,0.6502504548560164
0.8791111111111111,0.8791111111111111,0.8791111111111111,0.8791111111111111,0.6502504548560164
0.8046541473507766,0.8469718512920963,0.8225881261595547,1125.0,0.6502504548560164
0.890197765613496,0.8791111111111111,0.883027664399093,1125.0,0.6502504548560164
