precision,recall,f1-score,support,matthew
0.9580838323353293,0.9302325581395349,0.943952802359882,172.0,0.7058717971470986
0.7142857142857143,0.8108108108108109,0.759493670886076,37.0,0.7058717971470986
0.9090909090909091,0.9090909090909091,0.9090909090909091,0.9090909090909091,0.7058717971470986
0.8361847733105219,0.8705216844751729,0.851723236622979,209.0,0.7058717971470986
0.9149233999533402,0.9090909090909091,0.9112973580319832,209.0,0.7058717971470986
