precision,recall,f1-score,support,matthew
0.9244186046511628,0.9244186046511628,0.9244186046511627,172.0,0.5730672532998115
0.6486486486486487,0.6486486486486487,0.6486486486486487,37.0,0.5730672532998115
0.8755980861244019,0.8755980861244019,0.8755980861244019,0.8755980861244019,0.5730672532998115
0.7865336266499057,0.7865336266499057,0.7865336266499057,209.0,0.5730672532998115
0.8755980861244019,0.8755980861244019,0.8755980861244018,209.0,0.5730672532998115
