precision,recall,f1-score,support,matthew
0.9483870967741935,0.9483870967741935,0.9483870967741934,155.0,0.05949820788530466
0.1111111111111111,0.1111111111111111,0.1111111111111111,9.0,0.05949820788530466
0.9024390243902439,0.9024390243902439,0.9024390243902439,0.9024390243902439,0.05949820788530466
0.5297491039426523,0.5297491039426523,0.5297491039426523,164.0,0.05949820788530466
0.9024390243902439,0.9024390243902439,0.9024390243902437,164.0,0.05949820788530466
