precision,recall,f1-score,support,matthew
0.9438596491228071,0.8976640711902113,0.9201824401368301,899.0,0.638359147734038
0.6541353383458647,0.7837837837837838,0.7131147540983607,222.0,0.638359147734038
0.8751115075825157,0.8751115075825157,0.8751115075825157,0.8751115075825157,0.638359147734038
0.7989974937343358,0.8407239274869975,0.8166485971175954,1121.0,0.638359147734038
0.8864833806192556,0.8751115075825157,0.8791752801898718,1121.0,0.638359147734038
