precision,recall,f1-score,support,matthew
0.9662162162162162,0.9225806451612903,0.9438943894389439,155.0,0.28170334774540695
0.25,0.4444444444444444,0.32,9.0,0.28170334774540695
0.8963414634146342,0.8963414634146342,0.8963414634146342,0.8963414634146342,0.28170334774540695
0.6081081081081081,0.6835125448028674,0.6319471947194719,164.0,0.28170334774540695
0.9269116677653263,0.8963414634146342,0.9096562827014407,164.0,0.28170334774540695
