precision,recall,f1-score,support,matthew
0.9377123442808607,0.9169435215946844,0.927211646136618,903.0,0.6493613129315327
0.691358024691358,0.7533632286995515,0.721030042918455,223.0,0.6493613129315327
0.8845470692717584,0.8845470692717584,0.8845470692717584,0.8845470692717584,0.6493613129315327
0.8145351844861093,0.835153375147118,0.8241208445275365,1126.0,0.6493613129315327
0.8889228120708615,0.8845470692717584,0.8863781669912801,1126.0,0.6493613129315327
