precision,recall,f1-score,support,matthew
0.9382716049382716,0.9299221357063404,0.9340782122905028,899.0,0.6743565092464581
0.7272727272727273,0.7533632286995515,0.7400881057268722,223.0,0.6743565092464581
0.8948306595365418,0.8948306595365418,0.8948306595365418,0.8948306595365418,0.6743565092464581
0.8327721661054994,0.8416426822029459,0.8370831590086876,1122.0,0.6743565092464581
0.8963351078621429,0.8948306595365418,0.8955222463692109,1122.0,0.6743565092464581
