precision,recall,f1-score,support,matthew
0.9492325855962219,0.8953229398663697,0.9214899713467049,898.0,0.652557219717612
0.656934306569343,0.8071748878923767,0.7243460764587525,223.0,0.652557219717612
0.8777876895628903,0.8777876895628903,0.8777876895628903,0.8777876895628903,0.652557219717612
0.8030834460827825,0.8512489138793732,0.8229180239027287,1121.0,0.652557219717612
0.8910858271457366,0.8777876895628903,0.8822722295447304,1121.0,0.652557219717612
