precision,recall,f1-score,support,matthew
0.9395667046750285,0.9196428571428571,0.9294980259447264,896.0,0.6617092678500419
0.7024793388429752,0.7623318385650224,0.7311827956989246,223.0,0.6617092678500419
0.8882931188561215,0.8882931188561215,0.8882931188561215,0.8882931188561215,0.6617092678500419
0.8210230217590018,0.8409873478539398,0.8303404108218255,1119.0,0.6617092678500419
0.8923187309658703,0.8882931188561215,0.8899767602210322,1119.0,0.6617092678500419
