precision,recall,f1-score,support,matthew
0.9456398640996603,0.9257206208425721,0.9355742296918769,902.0,0.6893120097711039
0.7231404958677686,0.7847533632286996,0.7526881720430108,223.0,0.6893120097711039
0.8977777777777778,0.8977777777777778,0.8977777777777778,0.8977777777777778,0.6893120097711039
0.8343901799837145,0.8552369920356359,0.8441312008674438,1125.0,0.6893120097711039
0.9015355448856941,0.8977777777777778,0.8993221489312572,1125.0,0.6893120097711039
