precision,recall,f1-score,support,matthew
0.9309173272933182,0.9102990033222591,0.9204927211646137,903.0,0.6168593309182904
0.6666666666666666,0.726457399103139,0.6952789699570815,223.0,0.6168593309182904
0.8738898756660746,0.8738898756660746,0.8738898756660746,0.8738898756660746,0.6168593309182904
0.7987919969799924,0.818378201212699,0.8078858455608475,1126.0,0.6168593309182904
0.8785834930839547,0.8738898756660746,0.8758899977904754,1126.0,0.6168593309182904
