precision,recall,f1-score,support,matthew
0.9404761904761905,0.9186046511627907,0.9294117647058823,172.0,0.6231858287639906
0.6585365853658537,0.7297297297297297,0.6923076923076923,37.0,0.6231858287639906
0.8851674641148325,0.8851674641148325,0.8851674641148325,0.8851674641148325,0.6231858287639906
0.799506387921022,0.8241671904462602,0.8108597285067873,209.0,0.6231858287639906
0.8905634374183797,0.8851674641148325,0.8874364026066812,209.0,0.6231858287639906
