precision,recall,f1-score,support,matthew
0.9209039548022598,0.9421965317919075,0.9314285714285714,173.0,0.5902273980297243
0.696969696969697,0.6216216216216216,0.6571428571428571,37.0,0.5902273980297243
0.8857142857142857,0.8857142857142857,0.8857142857142857,0.8857142857142857,0.5902273980297243
0.8089368258859784,0.7819090767067646,0.7942857142857143,210.0,0.5902273980297243
0.8814488712793797,0.8857142857142857,0.8831020408163266,210.0,0.5902273980297243
