precision,recall,f1-score,support,matthew
0.9328782707622298,0.9100998890122086,0.9213483146067415,901.0,0.622243922813537
0.6680327868852459,0.7342342342342343,0.6995708154506439,222.0,0.622243922813537
0.8753339269813001,0.8753339269813001,0.8753339269813001,0.8753339269813001,0.622243922813537
0.8004555288237378,0.8221670616232215,0.8104595650286928,1123.0,0.622243922813537
0.8805223514205642,0.8753339269813001,0.8775062800451621,1123.0,0.622243922813537
