precision,recall,f1-score,support,matthew
0.961038961038961,0.9487179487179487,0.9548387096774195,156.0,0.25677629550654774
0.2727272727272727,0.3333333333333333,0.3,9.0,0.25677629550654774
0.9151515151515152,0.9151515151515152,0.9151515151515152,0.9151515151515152,0.25677629550654774
0.6168831168831168,0.641025641025641,0.6274193548387097,165.0,0.25677629550654774
0.9234946871310509,0.9151515151515152,0.9191202346041056,165.0,0.25677629550654774
