precision,recall,f1-score,support,matthew
0.9594594594594594,0.9102564102564102,0.9342105263157894,156.0,0.18196473686983047
0.17647058823529413,0.3333333333333333,0.23076923076923078,9.0,0.18196473686983047
0.8787878787878788,0.8787878787878788,0.8787878787878788,0.8787878787878788,0.18196473686983047
0.5679650238473768,0.6217948717948718,0.5824898785425101,165.0,0.18196473686983047
0.916750975574505,0.8787878787878788,0.8958410011041589,165.0,0.18196473686983047
