precision,recall,f1-score,support,matthew
0.9457831325301205,0.9075144508670521,0.9262536873156342,173.0,0.6218547557005206
0.6363636363636364,0.7567567567567568,0.691358024691358,37.0,0.6218547557005206
0.8809523809523809,0.8809523809523809,0.8809523809523809,0.8809523809523809,0.6218547557005206
0.7910733844468785,0.8321356038119044,0.8088058560034961,210.0,0.6218547557005206
0.8912663641579305,0.8809523809523809,0.8848673086627855,210.0,0.6218547557005206
