precision,recall,f1-score,support,matthew
0.9342403628117913,0.9145394006659268,0.9242849130678632,901.0,0.6349640451945409
0.6818181818181818,0.7399103139013453,0.7096774193548387,223.0,0.6349640451945409
0.8798932384341637,0.8798932384341637,0.8798932384341637,0.8798932384341637,0.6349640451945409
0.8080292723149866,0.827224857283636,0.816981166211351,1124.0,0.6349640451945409
0.8841601614224898,0.8798932384341637,0.8817070918062934,1124.0,0.6349640451945409
