precision,recall,f1-score,support,matthew
0.9453488372093023,0.9033333333333333,0.9238636363636362,900.0,0.6523953992736445
0.6692015209125475,0.7892376681614349,0.7242798353909464,223.0,0.6523953992736445
0.8806767586821015,0.8806767586821015,0.8806767586821015,0.8806767586821015,0.6523953992736445
0.8072751790609249,0.8462855007473842,0.8240717358772913,1123.0,0.6523953992736445
0.8905128162527783,0.8806767586821015,0.8842312342114459,1123.0,0.6523953992736445
