precision,recall,f1-score,support,matthew
0.9440993788819876,0.8837209302325582,0.912912912912913,172.0,0.5812132857756864
0.5833333333333334,0.7567567567567568,0.6588235294117648,37.0,0.5812132857756864
0.861244019138756,0.861244019138756,0.861244019138756,0.861244019138756,0.5812132857756864
0.7637163561076605,0.8202388434946575,0.7858682211623389,209.0,0.5812132857756864
0.8802317057465799,0.861244019138756,0.8679305818624704,209.0,0.5812132857756864
