precision,recall,f1-score,support,matthew
0.9266365688487584,0.9112097669256382,0.9188584219362059,901.0,0.6035722304160791
0.6624472573839663,0.7072072072072072,0.6840958605664488,222.0,0.6035722304160791
0.8708815672306323,0.8708815672306323,0.8708815672306323,0.8708815672306323,0.6035722304160791
0.7945419131163624,0.8092084870664227,0.8014771412513273,1123.0,0.6035722304160791
0.8744103648013998,0.8708815672306323,0.8724494382994419,1123.0,0.6035722304160791
