precision,recall,f1-score,support,matthew
0.9586206896551724,0.9084967320261438,0.9328859060402684,153.0,0.1807460443875517
0.17647058823529413,0.3333333333333333,0.23076923076923078,9.0,0.1807460443875517
0.8765432098765432,0.8765432098765432,0.8765432098765432,0.8765432098765432,0.1807460443875517
0.5675456389452332,0.6209150326797386,0.5818275684047496,162.0,0.1807460443875517
0.9151679062429571,0.8765432098765432,0.8938794240807663,162.0,0.1807460443875517
