precision,recall,f1-score,support,matthew
0.9422632794457275,0.9066666666666666,0.9241223103057757,900.0,0.6480670192324555
0.6731517509727627,0.7757847533632287,0.7208333333333333,223.0,0.6480670192324555
0.8806767586821015,0.8806767586821015,0.8806767586821015,0.8806767586821015,0.6480670192324555
0.8077075152092451,0.8412257100149476,0.8224778218195545,1123.0,0.6480670192324555
0.888824391779235,0.8806767586821015,0.8837541519221117,1123.0,0.6480670192324555
