precision,recall,f1-score,support,matthew
0.9375709421112373,0.9157427937915743,0.9265283230510376,902.0,0.6460437162691324
0.6872427983539094,0.7522522522522522,0.7182795698924731,222.0,0.6460437162691324
0.8834519572953736,0.8834519572953736,0.8834519572953736,0.8834519572953736,0.6460437162691324
0.8124068702325733,0.8339975230219132,0.8224039464717554,1124.0,0.6460437162691324
0.8881289066004484,0.8834519572953736,0.8853973415553069,1124.0,0.6460437162691324
