precision,recall,f1-score,support,matthew
0.9668874172185431,0.9358974358974359,0.9511400651465799,156.0,0.3099596855577079
0.2857142857142857,0.4444444444444444,0.34782608695652173,9.0,0.3099596855577079
0.9090909090909091,0.9090909090909091,0.9090909090909091,0.9090909090909091,0.3099596855577079
0.6263008514664143,0.6901709401709402,0.6494830760515509,165.0,0.3099596855577079
0.9297325191364928,0.9090909090909091,0.9182320299725766,165.0,0.3099596855577079
