precision,recall,f1-score,support,matthew
0.9405594405594405,0.8966666666666666,0.9180887372013652,900.0,0.62757001852234
0.6490566037735849,0.7713004484304933,0.7049180327868853,223.0,0.62757001852234
0.8717720391807658,0.8717720391807658,0.8717720391807658,0.8717720391807658,0.62757001852234
0.7948080221665127,0.8339835575485799,0.8115033849941252,1123.0,0.62757001852234
0.8826741933615369,0.8717720391807658,0.8757583123710632,1123.0,0.62757001852234
