precision,recall,f1-score,support,matthew
0.9448356807511737,0.8924611973392461,0.9179019384264538,902.0,0.6339385331697218
0.6446886446886447,0.7892376681614349,0.7096774193548387,223.0,0.6339385331697218
0.872,0.872,0.872,0.872,0.6339385331697218
0.7947621627199093,0.8408494327503405,0.8137896788906462,1125.0,0.6339385331697218
0.8853398682694458,0.872,0.8766272115349247,1125.0,0.6339385331697218
