precision,recall,f1-score,support,matthew
0.9491916859122402,0.9163879598662207,0.9325014180374362,897.0,0.6857237293419324
0.7047244094488189,0.8026905829596412,0.750524109014675,223.0,0.6857237293419324
0.89375,0.89375,0.89375,0.89375,0.6857237293419324
0.8269580476805296,0.859539271412931,0.8415127635260556,1120.0,0.6857237293419324
0.9005165049735412,0.89375,0.8962684359730829,1120.0,0.6857237293419324
