precision,recall,f1-score,support,matthew
0.9268018018018018,0.9144444444444444,0.9205816554809844,900.0,0.6109373226965379
0.6723404255319149,0.7085201793721974,0.6899563318777292,223.0,0.6109373226965379
0.8735529830810329,0.8735529830810329,0.8735529830810329,0.8735529830810329,0.6109373226965379
0.7995711136668584,0.8114823119083209,0.8052689936793568,1123.0,0.6109373226965379
0.8762720716965616,0.8735529830810329,0.874785175370988,1123.0,0.6109373226965379
