precision,recall,f1-score,support,matthew
0.9307958477508651,0.893687707641196,0.911864406779661,903.0,0.590173773645189
0.627906976744186,0.7297297297297297,0.675,222.0,0.590173773645189
0.8613333333333333,0.8613333333333333,0.8613333333333333,0.8613333333333333,0.590173773645189
0.7793514122475256,0.8117087186854628,0.7934322033898304,1125.0,0.590173773645189
0.8710257772055472,0.8613333333333333,0.8651231638418079,1125.0,0.590173773645189
