precision,recall,f1-score,support,matthew
0.937888198757764,0.8728323699421965,0.9041916167664671,173.0,0.5427686401534376
0.5510204081632653,0.7297297297297297,0.6279069767441859,37.0,0.5427686401534376
0.8476190476190476,0.8476190476190476,0.8476190476190476,0.8476190476190476,0.5427686401534376
0.7444543034605147,0.801281049835963,0.7660492967553265,210.0,0.5427686401534376
0.8697257785101618,0.8476190476190476,0.8555128944768271,210.0,0.5427686401534376
