precision,recall,f1-score,support,matthew
0.9405162738496072,0.9290465631929047,0.9347462353597323,902.0,0.6779626045951073
0.7253218884120172,0.7612612612612613,0.7428571428571429,222.0,0.6779626045951073
0.8959074733096085,0.8959074733096085,0.8959074733096085,0.8959074733096085,0.6779626045951073
0.8329190811308123,0.845153912227083,0.8388016891084376,1124.0,0.6779626045951073
0.8980134681848875,0.8959074733096085,0.8968464323921391,1124.0,0.6779626045951073
