precision,recall,f1-score,support,matthew
0.9366515837104072,0.9169435215946844,0.9266927811975378,903.0,0.6459827524819044
0.6900826446280992,0.7488789237668162,0.7182795698924731,223.0,0.6459827524819044
0.8836589698046181,0.8836589698046181,0.8836589698046181,0.8836589698046181,0.6459827524819044
0.8133671141692532,0.8329112226807502,0.8224861755450055,1126.0,0.6459827524819044
0.8878195469294529,0.8836589698046181,0.8854173405927159,1126.0,0.6459827524819044
