precision,recall,f1-score,support,matthew
0.9673202614379085,0.9548387096774194,0.9610389610389611,155.0,0.3635180946489218
0.36363636363636365,0.4444444444444444,0.39999999999999997,9.0,0.3635180946489218
0.926829268292683,0.926829268292683,0.926829268292683,0.926829268292683,0.3635180946489218
0.6654783125371361,0.6996415770609319,0.6805194805194805,164.0,0.3635180946489218
0.9341912670463604,0.926829268292683,0.9302502375673108,164.0,0.3635180946489218
