precision,recall,f1-score,support,matthew
0.9373549883990719,0.8977777777777778,0.917139614074915,900.0,0.619235023100926
0.6475095785440613,0.757847533632287,0.6983471074380165,223.0,0.619235023100926
0.8699910952804987,0.8699910952804987,0.8699910952804987,0.8699910952804987,0.619235023100926
0.7924322834715667,0.8278126557050324,0.8077433607564657,1123.0,0.619235023100926
0.8797988651598312,0.8699910952804987,0.8736928384916306,1123.0,0.619235023100926
