precision,recall,f1-score,support,matthew
0.959731543624161,0.9285714285714286,0.9438943894389439,154.0,0.21348524187916468
0.21428571428571427,0.3333333333333333,0.2608695652173913,9.0,0.21348524187916468
0.8957055214723927,0.8957055214723927,0.8957055214723927,0.8957055214723927,0.21348524187916468
0.5870086289549377,0.6309523809523809,0.6023819773281676,163.0,0.21348524187916468
0.918571957955167,0.8957055214723927,0.9061813623346865,163.0,0.21348524187916468
