precision,recall,f1-score,support,matthew
0.9668874172185431,0.9419354838709677,0.9542483660130718,155.0,0.32571781410896167
0.3076923076923077,0.4444444444444444,0.3636363636363637,9.0,0.32571781410896167
0.9146341463414634,0.9146341463414634,0.9146341463414634,0.9146341463414634,0.32571781410896167
0.6372898624554254,0.6931899641577061,0.6589423648247178,164.0,0.32571781410896167
0.9307120758421034,0.9146341463414634,0.9218367317363012,164.0,0.32571781410896167
