precision,recall,f1-score,support,matthew
0.9416475972540046,0.9124168514412417,0.9268018018018017,902.0,0.6546960068845123
0.6852589641434262,0.7713004484304933,0.7257383966244726,223.0,0.6546960068845123
0.8844444444444445,0.8844444444444445,0.8844444444444445,0.8844444444444445,0.6546960068845123
0.8134532806987154,0.8418586499358676,0.8262700992131371,1125.0,0.6546960068845123
0.8908256726463077,0.8844444444444445,0.8869465668199845,1125.0,0.6546960068845123
