precision,recall,f1-score,support,matthew
0.9615384615384616,0.8670520231213873,0.9118541033434651,173.0,0.6144492214625537
0.5740740740740741,0.8378378378378378,0.6813186813186813,37.0,0.6144492214625537
0.861904761904762,0.861904761904762,0.861904761904762,0.861904761904762,0.6144492214625537
0.7678062678062678,0.8524449304796126,0.7965863923310732,210.0,0.6144492214625537
0.8932709266042599,0.861904761904762,0.871235957558146,210.0,0.6144492214625537
