precision,recall,f1-score,support,matthew
0.9484173505275498,0.897891231964484,0.9224629418472065,901.0,0.6531523986396668
0.6605166051660517,0.8026905829596412,0.7246963562753036,223.0,0.6531523986396668
0.8790035587188612,0.8790035587188612,0.8790035587188612,0.8790035587188612,0.6531523986396668
0.8044669778468008,0.8502909074620626,0.823579649061255,1124.0,0.6531523986396668
0.8912982524709536,0.8790035587188612,0.8832263327880122,1124.0,0.6531523986396668
