precision,recall,f1-score,support,matthew
0.9675324675324676,0.9612903225806452,0.964401294498382,155.0,0.38616149482883716
0.4,0.4444444444444444,0.4210526315789474,9.0,0.38616149482883716
0.9329268292682927,0.9329268292682927,0.9329268292682927,0.9329268292682927,0.38616149482883716
0.6837662337662338,0.7028673835125447,0.6927269630386647,164.0,0.38616149482883716
0.9363873930947101,0.9329268292682927,0.9345833800698764,164.0,0.38616149482883716
