precision,recall,f1-score,support,matthew
0.937007874015748,0.9235033259423503,0.9302065884980457,902.0,0.6583624583812925
0.7076271186440678,0.7488789237668162,0.7276688453159043,223.0,0.6583624583812925
0.8888888888888888,0.8888888888888888,0.8888888888888888,0.8888888888888888,0.6583624583812925
0.8223174963299079,0.8361911248545832,0.8289377169069749,1125.0,0.6583624583812925
0.8915395109509616,0.8888888888888888,0.8900591069606079,1125.0,0.6583624583812925
