precision,recall,f1-score,support,matthew
0.9745222929936306,0.9807692307692307,0.9776357827476038,156.0,0.5670437952105241
0.625,0.5555555555555556,0.5882352941176471,9.0,0.5670437952105241
0.9575757575757575,0.9575757575757575,0.9575757575757575,0.9575757575757575,0.5670437952105241
0.7997611464968153,0.7681623931623931,0.7829355384326254,165.0,0.5670437952105241
0.9554574406485233,0.9575757575757575,0.9563957560950607,165.0,0.5670437952105241
