precision,recall,f1-score,support,matthew
0.9261363636363636,0.9421965317919075,0.9340974212034383,173.0,0.6110852744405362
0.7058823529411765,0.6486486486486487,0.676056338028169,37.0,0.6110852744405362
0.8904761904761904,0.8904761904761904,0.8904761904761904,0.8904761904761904,0.6110852744405362
0.8160093582887701,0.7954225902202781,0.8050768796158037,210.0,0.6110852744405362
0.8873297046091164,0.8904761904761904,0.8886330398820813,210.0,0.6110852744405362
