precision,recall,f1-score,support,matthew
0.9415137614678899,0.9132369299221357,0.9271597967250141,899.0,0.6564493125231616
0.688,0.7713004484304933,0.7272727272727273,223.0,0.6564493125231616
0.8850267379679144,0.8850267379679144,0.8850267379679144,0.8850267379679144,0.6564493125231616
0.8147568807339449,0.8422686891763145,0.8272162619988708,1122.0,0.6564493125231616
0.8911273365059118,0.8850267379679144,0.8874317962902012,1122.0,0.6564493125231616
