precision,recall,f1-score,support,matthew
0.9325714285714286,0.9107142857142857,0.9215132693393563,896.0,0.6238043216876349
0.6707818930041153,0.7342342342342343,0.7010752688172044,222.0,0.6238043216876349
0.8756708407871199,0.8756708407871199,0.8756708407871199,0.8756708407871199,0.6238043216876349
0.8016766607877719,0.82247425997426,0.8112942690782803,1118.0,0.6238043216876349
0.8805881755339121,0.8756708407871199,0.8777411440120596,1118.0,0.6238043216876349
