precision,recall,f1-score,support,matthew
0.9467455621301775,0.9248554913294798,0.935672514619883,173.0,0.6551277846794074
0.6829268292682927,0.7567567567567568,0.7179487179487181,37.0,0.6551277846794074
0.8952380952380953,0.8952380952380953,0.8952380952380953,0.8952380952380953,0.6551277846794074
0.8148361956992352,0.8408061240431183,0.8268106162843005,210.0,0.6551277846794074
0.900263213959274,0.8952380952380953,0.897311655206392,210.0,0.6551277846794074
