precision,recall,f1-score,support,matthew
0.9142857142857143,0.9302325581395349,0.9221902017291066,172.0,0.5427788274098102
0.6470588235294118,0.5945945945945946,0.619718309859155,37.0,0.5427788274098102
0.8708133971291866,0.8708133971291866,0.8708133971291866,0.8708133971291866,0.5427788274098102
0.780672268907563,0.7624135763670647,0.7709542557941308,209.0,0.5427788274098102
0.8669776044389046,0.8708133971291866,0.8686425462305984,209.0,0.5427788274098102
