precision,recall,f1-score,support,matthew
0.9308390022675737,0.9101995565410199,0.9204035874439462,902.0,0.6167707354956137
0.6666666666666666,0.726457399103139,0.6952789699570815,223.0,0.6167707354956137
0.8737777777777778,0.8737777777777778,0.8737777777777778,0.8737777777777778,0.6167707354956137
0.7987528344671202,0.8183284778220794,0.8078412787005138,1125.0,0.6167707354956137
0.8784741748551271,0.8737777777777778,0.875778885488772,1125.0,0.6167707354956137
