precision,recall,f1-score,support,matthew
0.94375,0.9805194805194806,0.9617834394904459,154.0,-0.03310255610642811
0.0,0.0,0.0,9.0,-0.03310255610642811
0.9263803680981595,0.9263803680981595,0.9263803680981595,0.9263803680981595,-0.03310255610642811
0.471875,0.4902597402597403,0.48089171974522293,163.0,-0.03310255610642811
0.8916411042944785,0.9263803680981595,0.9086788324020164,163.0,-0.03310255610642811
