precision,recall,f1-score,support,matthew
0.9532163742690059,0.9421965317919075,0.9476744186046512,173.0,0.7112436469580359
0.7435897435897436,0.7837837837837838,0.7631578947368421,37.0,0.7112436469580359
0.9142857142857143,0.9142857142857143,0.9142857142857143,0.9142857142857143,0.7112436469580359
0.8484030589293747,0.8629901577878456,0.8554161566707467,210.0,0.7112436469580359
0.9162821583874216,0.9142857142857143,0.9151643643993705,210.0,0.7112436469580359
