precision,recall,f1-score,support,matthew
0.949685534591195,0.9741935483870968,0.961783439490446,155.0,0.11299944053007123
0.2,0.1111111111111111,0.14285714285714285,9.0,0.11299944053007123
0.926829268292683,0.926829268292683,0.926829268292683,0.926829268292683,0.11299944053007123
0.5748427672955975,0.5426523297491039,0.5523202911737944,164.0,0.11299944053007123
0.9085442552538733,0.926829268292683,0.9168423622361793,164.0,0.11299944053007123
