precision,recall,f1-score,support,matthew
0.9418604651162791,0.9364161849710982,0.9391304347826087,173.0,0.6592304520463169
0.7105263157894737,0.7297297297297297,0.7200000000000001,37.0,0.6592304520463169
0.9,0.9,0.9,0.9,0.6592304520463169
0.8261933904528764,0.833072957350414,0.8295652173913044,210.0,0.6592304520463169
0.9011015911872705,0.9,0.9005217391304349,210.0,0.6592304520463169
