precision,recall,f1-score,support,matthew
0.9285714285714286,0.9069767441860465,0.9176470588235294,172.0,0.5600516367079198
0.6097560975609756,0.6756756756756757,0.6410256410256411,37.0,0.5600516367079198
0.8660287081339713,0.8660287081339713,0.8660287081339713,0.8660287081339713,0.5600516367079198
0.769163763066202,0.7913262099308611,0.7793363499245852,209.0,0.5600516367079198
0.8721304369571379,0.8660287081339713,0.8686758030411281,209.0,0.5600516367079198
