precision,recall,f1-score,support,matthew
0.9440993788819876,0.9743589743589743,0.9589905362776024,156.0,-0.03785959930369332
0.0,0.0,0.0,9.0,-0.03785959930369332
0.9212121212121213,0.9212121212121213,0.9212121212121213,0.9212121212121213,-0.03785959930369332
0.4720496894409938,0.48717948717948717,0.4794952681388012,165.0,-0.03785959930369332
0.8926030491247883,0.9212121212121213,0.9066819615715513,165.0,-0.03785959930369332
