precision,recall,f1-score,support,matthew
0.9106145251396648,0.9421965317919075,0.9261363636363636,173.0,0.5475021106991586
0.6774193548387096,0.5675675675675675,0.6176470588235294,37.0,0.5475021106991586
0.8761904761904762,0.8761904761904762,0.8761904761904762,0.8761904761904762,0.5475021106991586
0.7940169399891872,0.7548820496797375,0.7718917112299466,210.0,0.5475021106991586
0.8695277570390203,0.8761904761904762,0.8717834861217214,210.0,0.5475021106991586
