precision,recall,f1-score,support,matthew
0.9397590361445783,0.9069767441860465,0.923076923076923,172.0,0.6011959958517961
0.627906976744186,0.7297297297297297,0.675,37.0,0.6011959958517961
0.8755980861244019,0.8755980861244019,0.8755980861244019,0.8755980861244019,0.6011959958517961
0.7838330064443821,0.8183532369578881,0.7990384615384616,209.0,0.6011959958517961
0.8845507768248917,0.8755980861244019,0.8791589988958408,209.0,0.6011959958517961
