precision,recall,f1-score,support,matthew
0.9493087557603687,0.9125138427464009,0.9305477131564088,903.0,0.6781984366585129
0.6937984496124031,0.8026905829596412,0.7442827442827442,223.0,0.6781984366585129
0.8907637655417406,0.8907637655417406,0.8907637655417406,0.8907637655417406,0.6781984366585129
0.8215536026863859,0.8576022128530211,0.8374152287195765,1126.0,0.6781984366585129
0.898705915377601,0.8907637655417406,0.8936586473848038,1126.0,0.6781984366585129
