precision,recall,f1-score,support,matthew
0.9372822299651568,0.893687707641196,0.9149659863945578,903.0,0.6108394046542278
0.6363636363636364,0.7567567567567568,0.691358024691358,222.0,0.6108394046542278
0.8666666666666667,0.8666666666666667,0.8666666666666667,0.8666666666666667,0.6108394046542278
0.7868229331643966,0.8252222321989764,0.8031620055429579,1125.0,0.6108394046542278
0.8779009608277901,0.8666666666666667,0.8708406819517932,1125.0,0.6108394046542278
