precision,recall,f1-score,support,matthew
0.9470588235294117,0.936046511627907,0.9415204678362572,172.0,0.6787631385369259
0.717948717948718,0.7567567567567568,0.736842105263158,37.0,0.6787631385369259
0.9043062200956937,0.9043062200956937,0.9043062200956937,0.9043062200956937,0.6787631385369259
0.8325037707390648,0.8464016341923319,0.8391812865497076,209.0,0.6787631385369259
0.9064986612974228,0.9043062200956937,0.9052855424046559,209.0,0.6787631385369259
