precision,recall,f1-score,support,matthew
0.9328018223234624,0.9089900110987791,0.9207419898819561,901.0,0.6202560208526263
0.6653061224489796,0.7342342342342343,0.6980728051391863,222.0,0.6202560208526263
0.8744434550311665,0.8744434550311665,0.8744434550311665,0.8744434550311665,0.6202560208526263
0.799053972386221,0.8216121226665067,0.8094073975105712,1123.0,0.6202560208526263
0.8799219956341167,0.8744434550311665,0.8767236826576507,1123.0,0.6202560208526263
