precision,recall,f1-score,support,matthew
0.9438596491228071,0.8966666666666666,0.9196581196581196,900.0,0.6377318790058982
0.6529850746268657,0.7847533632286996,0.7128309572301427,223.0,0.6377318790058982
0.8744434550311665,0.8744434550311665,0.8744434550311665,0.8744434550311665,0.6377318790058982
0.7984223618748364,0.8407100149476832,0.8162445384441311,1123.0,0.6377318790058982
0.8860991592629719,0.8744434550311665,0.8785873652311927,1123.0,0.6377318790058982
