precision,recall,f1-score,support,matthew
0.9365079365079365,0.9147286821705426,0.9254901960784312,903.0,0.6419163772289009
0.6844262295081968,0.7488789237668162,0.7152034261241971,223.0,0.6419163772289009
0.8818827708703375,0.8818827708703375,0.8818827708703375,0.8818827708703375,0.6419163772289009
0.8104670830080667,0.8318038029686794,0.8203468111013141,1126.0,0.6419163772289009
0.8865841170932456,0.8818827708703375,0.883843704337939,1126.0,0.6419163772289009
