precision,recall,f1-score,support,matthew
0.9213483146067416,0.9479768786127167,0.9344729344729344,173.0,0.6038203706422364
0.71875,0.6216216216216216,0.6666666666666667,37.0,0.6038203706422364
0.8904761904761904,0.8904761904761904,0.8904761904761904,0.8904761904761904,0.6038203706422364
0.8200491573033708,0.7847992501171692,0.8005698005698005,210.0,0.6038203706422364
0.8856524210807919,0.8904761904761904,0.8872880206213539,210.0,0.6038203706422364
