precision,recall,f1-score,support,matthew
0.9444444444444444,0.9870967741935484,0.9652996845425867,155.0,-0.026773977630083295
0.0,0.0,0.0,9.0,-0.026773977630083295
0.9329268292682927,0.9329268292682927,0.9329268292682927,0.9329268292682927,-0.026773977630083295
0.4722222222222222,0.4935483870967742,0.48264984227129337,164.0,-0.026773977630083295
0.8926151761517614,0.9329268292682927,0.9123259213664692,164.0,-0.026773977630083295
