precision,recall,f1-score,support,matthew
0.9426229508196722,0.8924611973392461,0.916856492027335,902.0,0.6271668281610087
0.6420664206642066,0.7802690582959642,0.7044534412955464,223.0,0.6271668281610087
0.8702222222222222,0.8702222222222222,0.8702222222222222,0.8702222222222222,0.6271668281610087
0.7923446857419394,0.8363651278176052,0.8106549666614407,1125.0,0.6271668281610087
0.8830459675088554,0.8702222222222222,0.8747534873045005,1125.0,0.6271668281610087
