precision,recall,f1-score,support,matthew
0.9411764705882353,0.9248554913294798,0.9329446064139942,173.0,0.6350905535523919
0.675,0.7297297297297297,0.7012987012987014,37.0,0.6350905535523919
0.8904761904761904,0.8904761904761904,0.8904761904761904,0.8904761904761904,0.6350905535523919
0.8080882352941177,0.8272926105296048,0.8171216538563478,210.0,0.6350905535523919
0.8942787114845938,0.8904761904761904,0.892130804084157,210.0,0.6350905535523919
