precision,recall,f1-score,support,matthew
0.9462616822429907,0.8980044345898004,0.9215017064846416,902.0,0.6465126602099512
0.6579925650557621,0.7937219730941704,0.7195121951219511,223.0,0.6465126602099512
0.8773333333333333,0.8773333333333333,0.8773333333333333,0.8773333333333333,0.6465126602099512
0.8021271236493763,0.8458632038419853,0.8205069508032963,1125.0,0.6465126602099512
0.8891203372361,0.8773333333333333,0.8814628966767483,1125.0,0.6465126602099512
