precision,recall,f1-score,support,matthew
0.9438596491228071,0.8976640711902113,0.9201824401368301,899.0,0.6395046445832885
0.6554307116104869,0.7847533632286996,0.7142857142857143,223.0,0.6395046445832885
0.875222816399287,0.875222816399287,0.875222816399287,0.875222816399287,0.6395046445832885
0.799645180366647,0.8412087172094554,0.8172340772112723,1122.0,0.6395046445832885
0.8865337551252603,0.875222816399287,0.87926000710225,1122.0,0.6395046445832885
