precision,recall,f1-score,support,matthew
0.9449003516998827,0.8955555555555555,0.9195664575014262,900.0,0.6392588405571018
0.6518518518518519,0.7892376681614349,0.7139959432048681,223.0,0.6392588405571018
0.8744434550311665,0.8744434550311665,0.8744434550311665,0.8744434550311665,0.6392588405571018
0.7983761017758673,0.8423966118584952,0.8167812003531472,1123.0,0.6392588405571018
0.886708174080906,0.8744434550311665,0.8787452422849236,1123.0,0.6392588405571018
