precision,recall,f1-score,support,matthew
0.943728018757327,0.8934517203107658,0.9179019384264537,901.0,0.6322905728453604
0.6457564575645757,0.7847533632286996,0.7085020242914979,223.0,0.6322905728453604
0.8718861209964412,0.8718861209964412,0.8718861209964412,0.8718861209964412,0.6322905728453604
0.7947422381609514,0.8391025417697326,0.8132019813589758,1124.0,0.6322905728453604
0.8846108851754911,0.8718861209964412,0.876357293540248,1124.0,0.6322905728453604
