precision,recall,f1-score,support,matthew
0.9411764705882353,0.9056603773584906,0.923076923076923,901.0,0.6428390555629857
0.669260700389105,0.7713004484304933,0.7166666666666667,223.0,0.6428390555629857
0.8790035587188612,0.8790035587188612,0.8790035587188612,0.8790035587188612,0.6428390555629857
0.8052185854886702,0.8384804128944919,0.8198717948717948,1124.0,0.6428390555629857
0.8872287688494399,0.8790035587188612,0.8821254220275572,1124.0,0.6428390555629857
