precision,recall,f1-score,support,matthew
0.9364896073903002,0.9011111111111111,0.9184597961494904,900.0,0.6214995267306285
0.6536964980544747,0.7533632286995515,0.7000000000000001,223.0,0.6214995267306285
0.8717720391807658,0.8717720391807658,0.8717720391807658,0.8717720391807658,0.6214995267306285
0.7950930527223874,0.8272371699053314,0.8092298980747452,1123.0,0.6214995267306285
0.8803338964536225,0.8717720391807658,0.8750790886327171,1123.0,0.6214995267306285
