precision,recall,f1-score,support,matthew
0.9457013574660633,0.926829268292683,0.9361702127659574,902.0,0.6914270813275296
0.7261410788381742,0.7847533632286996,0.7543103448275863,223.0,0.6914270813275296
0.8986666666666666,0.8986666666666666,0.8986666666666666,0.8986666666666666,0.6914270813275296
0.8359212181521187,0.8557913157606913,0.8452402787967719,1125.0,0.6914270813275296
0.9021796311247128,0.8986666666666666,0.9001215456101735,1125.0,0.6914270813275296
