precision,recall,f1-score,support,matthew
0.9458186101295641,0.8932146829810901,0.9187643020594966,899.0,0.6377447386750374
0.6470588235294118,0.7927927927927928,0.7125506072874495,222.0,0.6377447386750374
0.8733273862622658,0.8733273862622658,0.8733273862622658,0.8733273862622658,0.6377447386750374
0.796438716829488,0.8430037378869415,0.815657454673473,1121.0,0.6377447386750374
0.8866529788849309,0.8733273862622658,0.8779262643793944,1121.0,0.6377447386750374
