precision,recall,f1-score,support,matthew
0.9465737514518002,0.9035476718403548,0.9245604083947816,902.0,0.6548200052440311
0.6692015209125475,0.7927927927927928,0.7257731958762887,222.0,0.6548200052440311
0.8816725978647687,0.8816725978647687,0.8816725978647687,0.8816725978647687,0.6548200052440311
0.8078876361821739,0.8481702323165738,0.8251668021355352,1124.0,0.6548200052440311
0.8917902681958269,0.8816725978647687,0.8852981653528729,1124.0,0.6548200052440311
