precision,recall,f1-score,support,matthew
0.9492502883506344,0.9124168514412417,0.9304691916336915,902.0,0.6781216212446506
0.6937984496124031,0.8026905829596412,0.7442827442827442,223.0,0.6781216212446506
0.8906666666666667,0.8906666666666667,0.8906666666666667,0.8906666666666667,0.6781216212446506
0.8215243689815188,0.8575537172004415,0.8373759679582178,1125.0,0.6781216212446506
0.8986140572051894,0.8906666666666667,0.8935629002921259,1125.0,0.6781216212446506
