precision,recall,f1-score,support,matthew
0.9406976744186046,0.8959025470653378,0.9177538287010776,903.0,0.6259854663331692
0.6466165413533834,0.7713004484304933,0.703476482617587,223.0,0.6259854663331692
0.8712255772646537,0.8712255772646537,0.8712255772646537,0.8712255772646537,0.6259854663331692
0.793657107885994,0.8336014977479156,0.8106151556593323,1126.0,0.6259854663331692
0.8824560290602171,0.8712255772646537,0.8753170185975089,1126.0,0.6259854663331692
