precision,recall,f1-score,support,matthew
0.9484777517564403,0.9,0.9236031927023945,900.0,0.6567993953782997
0.6654275092936803,0.8026905829596412,0.7276422764227644,223.0,0.6567993953782997
0.8806767586821015,0.8806767586821015,0.8806767586821015,0.8806767586821015,0.6567993953782997
0.8069526305250603,0.8513452914798206,0.8256227345625795,1123.0,0.6567993953782997
0.8922709805461149,0.8806767586821015,0.8846902057652997,1123.0,0.6567993953782997
