precision,recall,f1-score,support,matthew
0.967948717948718,0.9805194805194806,0.9741935483870969,154.0,0.4787649631397181
0.5714285714285714,0.4444444444444444,0.5,9.0,0.4787649631397181
0.950920245398773,0.950920245398773,0.950920245398773,0.950920245398773,0.4787649631397181
0.7696886446886446,0.7124819624819625,0.7370967741935485,163.0,0.4787649631397181
0.9460549675273602,0.950920245398773,0.9480110825252327,163.0,0.4787649631397181
