precision,recall,f1-score,support,matthew
0.9408284023668639,0.9244186046511628,0.9325513196480938,172.0,0.6346992387522851
0.675,0.7297297297297297,0.7012987012987014,37.0,0.6346992387522851
0.8899521531100478,0.8899521531100478,0.8899521531100478,0.8899521531100478,0.6346992387522851
0.8079142011834319,0.8270741671904462,0.8169250104733976,209.0,0.6346992387522851
0.8937678718043089,0.8899521531100478,0.8916118608972444,209.0,0.6346992387522851
