precision,recall,f1-score,support,matthew
0.9505747126436782,0.9168514412416852,0.9334085778781038,902.0,0.689414388760142
0.7058823529411765,0.8071748878923767,0.7531380753138075,223.0,0.689414388760142
0.8951111111111111,0.8951111111111111,0.8951111111111111,0.8951111111111111,0.689414388760142
0.8282285327924274,0.8620131645670309,0.8432733265959557,1125.0,0.689414388760142
0.902071249342649,0.8951111111111111,0.8976749582586923,1125.0,0.689414388760142
