precision,recall,f1-score,support,matthew
0.9341317365269461,0.9069767441860465,0.9203539823008848,172.0,0.5807426999429055
0.6190476190476191,0.7027027027027027,0.6582278481012659,37.0,0.5807426999429055
0.8708133971291866,0.8708133971291866,0.8708133971291866,0.8708133971291866,0.5807426999429055
0.7765896777872826,0.8048397234443746,0.7892909152010754,209.0,0.5807426999429055
0.8783512946765388,0.8708133971291866,0.8739488772033447,209.0,0.5807426999429055
