precision,recall,f1-score,support,matthew
0.9398148148148148,0.9002217294900222,0.9195922989807475,902.0,0.6299833453556688
0.6551724137931034,0.7668161434977578,0.7066115702479339,223.0,0.6299833453556688
0.8737777777777778,0.8737777777777778,0.8737777777777778,0.8737777777777778,0.6299833453556688
0.797493614303959,0.83351893649389,0.8131019346143407,1125.0,0.6299833453556688
0.8833923655456223,0.8737777777777778,0.8773747856408208,1125.0,0.6299833453556688
