precision,recall,f1-score,support,matthew
0.9375,0.9136212624584718,0.9254066180594503,903.0,0.6432845972198449
0.6829268292682927,0.7533632286995515,0.716417910447761,223.0,0.6432845972198449
0.8818827708703375,0.8818827708703375,0.8818827708703375,0.8818827708703375,0.6432845972198449
0.8102134146341464,0.8334922455790117,0.8209122642536058,1126.0,0.6432845972198449
0.8870827557076636,0.8818827708703375,0.8840172026088227,1126.0,0.6432845972198449
