precision,recall,f1-score,support,matthew
0.9555822328931572,0.8864142538975501,0.9196995956094743,898.0,0.6582680997736823
0.6458333333333334,0.8340807174887892,0.7279843444227007,223.0,0.6582680997736823
0.8760035682426405,0.8760035682426405,0.8760035682426405,0.8760035682426405,0.6582680997736823
0.8007077831132453,0.8602474856931697,0.8238419700160875,1121.0,0.6582680997736823
0.8939640307505697,0.8760035682426405,0.8815617713323552,1121.0,0.6582680997736823
