precision,recall,f1-score,support,matthew
0.9473684210526315,0.9418604651162791,0.9446064139941691,172.0,0.6913763498059683
0.7368421052631579,0.7567567567567568,0.7466666666666667,37.0,0.6913763498059683
0.9090909090909091,0.9090909090909091,0.9090909090909091,0.9090909090909091,0.6913763498059683
0.8421052631578947,0.849308610936518,0.8456365403304179,209.0,0.6913763498059683
0.9100982120372703,0.9090909090909091,0.9095644491562859,209.0,0.6913763498059683
