precision,recall,f1-score,support,matthew
0.9226190476190477,0.8959537572254336,0.9090909090909092,173.0,0.5187094774049298
0.5714285714285714,0.6486486486486487,0.6075949367088608,37.0,0.5187094774049298
0.8523809523809524,0.8523809523809524,0.8523809523809524,0.8523809523809524,0.5187094774049298
0.7470238095238095,0.7723012029370411,0.758342922899885,210.0,0.5187094774049298
0.8607426303854875,0.8523809523809524,0.8559701901474054,210.0,0.5187094774049298
