precision,recall,f1-score,support,matthew
0.9588235294117647,0.9421965317919075,0.9504373177842566,173.0,0.7305814959719639
0.75,0.8108108108108109,0.7792207792207791,37.0,0.7305814959719639
0.919047619047619,0.919047619047619,0.919047619047619,0.919047619047619,0.7305814959719639
0.8544117647058824,0.8765036713013592,0.8648290485025178,210.0,0.7305814959719639
0.92203081232493,0.919047619047619,0.9202705943230725,210.0,0.7305814959719639
