precision,recall,f1-score,support,matthew
0.9554140127388535,0.9615384615384616,0.9584664536741214,156.0,0.19428592186496046
0.25,0.2222222222222222,0.23529411764705882,9.0,0.19428592186496046
0.9212121212121213,0.9212121212121213,0.9212121212121213,0.9212121212121213,0.19428592186496046
0.6027070063694268,0.5918803418803419,0.5968802856605901,165.0,0.19428592186496046
0.9169368847712797,0.9212121212121213,0.9190206898908271,165.0,0.19428592186496046
