precision,recall,f1-score,support,matthew
0.9424626006904487,0.9140625,0.9280453257790368,896.0,0.6615756059952611
0.692,0.7757847533632287,0.7315010570824525,223.0,0.6615756059952611
0.8865058087578195,0.8865058087578195,0.8865058087578195,0.8865058087578195,0.6615756059952611
0.8172313003452243,0.8449236266816144,0.8297731914307447,1119.0,0.6615756059952611
0.8925491422865435,0.8865058087578195,0.8888769862622018,1119.0,0.6615756059952611
