precision,recall,f1-score,support,matthew
0.9471210340775558,0.893569844789357,0.9195664575014262,902.0,0.6413988698934059
0.6483516483516484,0.7972972972972973,0.7151515151515152,222.0,0.6413988698934059
0.8745551601423488,0.8745551601423488,0.8745551601423488,0.8745551601423488,0.6413988698934059
0.7977363412146021,0.8454335710433272,0.8173589863264707,1124.0,0.6413988698934059
0.8881114223060688,0.8745551601423488,0.8791926877490416,1124.0,0.6413988698934059
