precision,recall,f1-score,support,matthew
0.9681528662420382,0.9806451612903225,0.9743589743589742,155.0,0.47892636239948017
0.5714285714285714,0.4444444444444444,0.5,9.0,0.47892636239948017
0.9512195121951219,0.9512195121951219,0.9512195121951219,0.9512195121951219,0.47892636239948017
0.7697907188353048,0.7125448028673835,0.7371794871794871,164.0,0.47892636239948017
0.9463814110388602,0.9512195121951219,0.9483270794246402,164.0,0.47892636239948017
