precision,recall,f1-score,support,matthew
0.9411764705882353,0.9302325581395349,0.935672514619883,172.0,0.6465877028476047
0.6923076923076923,0.7297297297297297,0.7105263157894737,37.0,0.6465877028476047
0.8947368421052632,0.8947368421052632,0.8947368421052632,0.8947368421052632,0.6465877028476047
0.8167420814479638,0.8299811439346323,0.8230994152046783,209.0,0.6465877028476047
0.8971183615146463,0.8947368421052632,0.8958140966451216,209.0,0.6465877028476047
