precision,recall,f1-score,support,matthew
0.9420454545454545,0.9190687361419069,0.9304152637485971,902.0,0.6668262994334959
0.7020408163265306,0.7713004484304933,0.735042735042735,223.0,0.6668262994334959
0.8897777777777778,0.8897777777777778,0.8897777777777778,0.8897777777777778,0.6668262994334959
0.8220431354359925,0.8451845922862,0.832728999395666,1125.0,0.6668262994334959
0.894471201814059,0.8897777777777778,0.8916880869473461,1125.0,0.6668262994334959
