precision,recall,f1-score,support,matthew
0.9449003516998827,0.8945615982241953,0.9190421892816419,901.0,0.637506029293937
0.6494464944649446,0.7892376681614349,0.7125506072874493,223.0,0.637506029293937
0.8736654804270463,0.8736654804270463,0.8736654804270463,0.8736654804270463,0.637506029293937
0.7971734230824137,0.8418996331928151,0.8157963982845456,1124.0,0.637506029293937
0.8862827269993567,0.8736654804270463,0.8780745533521891,1124.0,0.637506029293937
