precision,recall,f1-score,support,matthew
0.9625,0.9871794871794872,0.9746835443037976,156.0,0.4246038878042234
0.6,0.3333333333333333,0.42857142857142855,9.0,0.4246038878042234
0.9515151515151515,0.9515151515151515,0.9515151515151515,0.9515151515151515,0.4246038878042234
0.78125,0.6602564102564102,0.7016274864376131,165.0,0.4246038878042234
0.9427272727272727,0.9515151515151515,0.9448956107183957,165.0,0.4246038878042234
