precision,recall,f1-score,support,matthew
0.9437428243398392,0.914349276974416,0.9288135593220339,899.0,0.6651698900662081
0.6932270916334662,0.7802690582959642,0.7341772151898734,223.0,0.6651698900662081
0.8877005347593583,0.8877005347593583,0.8877005347593583,0.8877005347593583,0.6651698900662081
0.8184849579866527,0.84730916763519,0.8314953872559536,1122.0,0.6651698900662081
0.8939522642743124,0.8877005347593583,0.8901291522440733,1122.0,0.6651698900662081
