precision,recall,f1-score,support,matthew
0.9382284382284383,0.8944444444444445,0.9158134243458476,900.0,0.6170559819151151
0.6415094339622641,0.7623318385650224,0.6967213114754098,223.0,0.6170559819151151
0.8682101513802315,0.8682101513802315,0.8682101513802315,0.8682101513802315,0.6170559819151151
0.7898689360953512,0.8283881415047334,0.8062673679106287,1123.0,0.6170559819151151
0.8793073892957964,0.8682101513802315,0.8723071543813705,1123.0,0.6170559819151151
