precision,recall,f1-score,support,matthew
0.9361948955916474,0.8966666666666666,0.9160045402951191,900.0,0.6139501789637791
0.6436781609195402,0.7533632286995515,0.6942148760330578,223.0,0.6139501789637791
0.8682101513802315,0.8682101513802315,0.8682101513802315,0.8682101513802315,0.6139501789637791
0.7899365282555938,0.825014947683109,0.8051097081640884,1123.0,0.6139501789637791
0.8781083133726982,0.8682101513802315,0.8719626034024748,1123.0,0.6139501789637791
