precision,recall,f1-score,support,matthew
0.9424626006904487,0.9120267260579065,0.9269949066213923,898.0,0.657733346959638
0.6865079365079365,0.7757847533632287,0.728421052631579,223.0,0.657733346959638
0.8849241748438894,0.8849241748438894,0.8849241748438894,0.8849241748438894,0.657733346959638
0.8144852685991926,0.8439057397105676,0.8277079796264857,1121.0,0.657733346959638
0.8915456603579776,0.8849241748438894,0.8874927037313581,1121.0,0.657733346959638
