precision,recall,f1-score,support,matthew
0.9380022962112514,0.9067702552719201,0.9221218961625283,901.0,0.634625400049246
0.6679841897233202,0.757847533632287,0.7100840336134455,223.0,0.634625400049246
0.8772241992882562,0.8772241992882562,0.8772241992882562,0.8772241992882562,0.634625400049246
0.8029932429672858,0.8323088944521035,0.816102964887987,1124.0,0.634625400049246
0.8844310882514572,0.8772241992882562,0.8800538860660465,1124.0,0.634625400049246
