precision,recall,f1-score,support,matthew
0.9407069555302167,0.917686318131257,0.9290540540540542,899.0,0.6611872234428174
0.6979591836734694,0.7668161434977578,0.7307692307692306,223.0,0.6611872234428174
0.8877005347593583,0.8877005347593583,0.8877005347593583,0.8877005347593583,0.6611872234428174
0.819333069601843,0.8422512308145074,0.8299116424116424,1122.0,0.6611872234428174
0.8924602949918435,0.8877005347593583,0.889644503615092,1122.0,0.6611872234428174
