precision,recall,f1-score,support,matthew
0.9447708578143361,0.8903654485049833,0.9167616875712655,903.0,0.6304062955795395
0.64,0.7892376681614349,0.7068273092369478,223.0,0.6304062955795395
0.8703374777975134,0.8703374777975134,0.8703374777975134,0.8703374777975134,0.6304062955795395
0.7923854289071681,0.8398015583332091,0.8117944984041067,1126.0,0.6304062955795395
0.8844121532916035,0.8703374777975134,0.8751849856453748,1126.0,0.6304062955795395
