precision,recall,f1-score,support,matthew
0.9441913439635535,0.9221357063403782,0.9330332020258864,899.0,0.6794813721532117
0.7131147540983607,0.7802690582959642,0.7451820128479658,223.0,0.6794813721532117
0.8939393939393939,0.8939393939393939,0.8939393939393939,0.8939393939393939,0.6794813721532117
0.8286530490309572,0.8512023823181711,0.8391076074369261,1122.0,0.6794813721532117
0.8982643568513093,0.8939393939393939,0.8956973596135189,1122.0,0.6794813721532117
