precision,recall,f1-score,support,matthew
0.9529411764705882,0.9364161849710982,0.944606413994169,173.0,0.6987511818321065
0.725,0.7837837837837838,0.7532467532467533,37.0,0.6987511818321065
0.9095238095238095,0.9095238095238095,0.9095238095238095,0.9095238095238095,0.6987511818321065
0.838970588235294,0.8600999843774411,0.8489265836204611,210.0,0.6987511818321065
0.9127801120448178,0.9095238095238095,0.9108906642434338,210.0,0.6987511818321065
