precision,recall,f1-score,support,matthew
0.9464285714285714,0.99375,0.9695121951219512,160.0,0.20457927209624288
0.5,0.1,0.16666666666666669,10.0,0.20457927209624288
0.9411764705882353,0.9411764705882353,0.9411764705882353,0.9411764705882353,0.20457927209624288
0.7232142857142857,0.546875,0.568089430894309,170.0,0.20457927209624288
0.9201680672268907,0.9411764705882353,0.922285987565758,170.0,0.20457927209624288
