precision,recall,f1-score,support,matthew
0.8941798941798942,0.949438202247191,0.9209809264305177,178.0,0.5345784324989449
0.7096774193548387,0.5238095238095238,0.6027397260273972,42.0,0.5345784324989449
0.8681818181818182,0.8681818181818182,0.8681818181818182,0.8681818181818182,0.5345784324989449
0.8019286567673665,0.7366238630283575,0.7618603262289574,220.0,0.5345784324989449
0.8589566944405654,0.8681818181818182,0.8602257881717401,220.0,0.5345784324989449
