precision,recall,f1-score,support,matthew
0.9337349397590361,0.9748427672955975,0.9538461538461538,159.0,-0.0408294690224252
0.0,0.0,0.0,11.0,-0.0408294690224252
0.9117647058823529,0.9117647058823529,0.9117647058823529,0.9117647058823529,-0.0408294690224252
0.46686746987951805,0.48742138364779874,0.4769230769230769,170.0,-0.0408294690224252
0.8733167965981572,0.9117647058823529,0.8921266968325791,170.0,-0.0408294690224252
