precision,recall,f1-score,support,matthew
0.882865440464666,0.9589905362776026,0.9193548387096774,951.0,0.5453080036903959
0.7592592592592593,0.5040983606557377,0.605911330049261,244.0,0.5453080036903959
0.8661087866108786,0.8661087866108786,0.8661087866108786,0.8661087866108786,0.5453080036903959
0.8210623498619627,0.7315444484666701,0.7626330843794692,1195.0,0.5453080036903959
0.857627023549085,0.8661087866108786,0.8553546578618602,1195.0,0.5453080036903959
