precision,recall,f1-score,support,matthew
0.8848167539267016,0.9388888888888889,0.9110512129380054,180.0,0.46902340038957085
0.6451612903225806,0.47619047619047616,0.547945205479452,42.0,0.46902340038957085
0.8513513513513513,0.8513513513513513,0.8513513513513513,0.8513513513513513,0.46902340038957085
0.7649890221246411,0.7075396825396825,0.7294982092087288,222.0,0.46902340038957085
0.8394765310826787,0.8513513513513513,0.842355481797198,222.0,0.46902340038957085
