precision,recall,f1-score,support,matthew
0.9086021505376344,0.9657142857142857,0.9362880886426592,175.0,0.6756356989183983
0.8378378378378378,0.6458333333333334,0.7294117647058824,48.0,0.6756356989183983
0.8968609865470852,0.8968609865470852,0.8968609865470852,0.8968609865470852,0.6756356989183983
0.8732199941877361,0.8057738095238096,0.8328499266742708,223.0,0.6756356989183983
0.8933703702255706,0.8968609865470852,0.8917586556876579,223.0,0.6756356989183983
