precision,recall,f1-score,support,matthew
0.9117647058823529,0.9935897435897436,0.9509202453987731,156.0,-0.023782574707724706
0.0,0.0,0.0,15.0,-0.023782574707724706
0.9064327485380117,0.9064327485380117,0.9064327485380117,0.9064327485380117,-0.023782574707724706
0.45588235294117646,0.4967948717948718,0.47546012269938653,171.0,-0.023782574707724706
0.8317853457172342,0.9064327485380117,0.8675061887848455,171.0,-0.023782574707724706
