precision,recall,f1-score,support,matthew
0.883441258094357,0.9725050916496945,0.9258361609306834,982.0,0.5620925073890031
0.8125,0.48148148148148145,0.6046511627906976,243.0,0.5620925073890031
0.8751020408163265,0.8751020408163265,0.8751020408163265,0.8751020408163265,0.5620925073890031
0.8479706290471785,0.7269932865655879,0.7652436618606906,1225.0,0.5620925073890031
0.8693688289376806,0.8751020408163265,0.8621235449731188,1225.0,0.5620925073890031
