precision,recall,f1-score,support,matthew
0.9629629629629629,0.9512195121951219,0.9570552147239264,164.0,0.5897855830943105
0.6,0.6666666666666666,0.631578947368421,18.0,0.5897855830943105
0.9230769230769231,0.9230769230769231,0.9230769230769231,0.9230769230769231,0.5897855830943105
0.7814814814814814,0.8089430894308942,0.7943170810461737,182.0,0.5897855830943105
0.9270655270655271,0.9230769230769231,0.9248652542162391,182.0,0.5897855830943105
