precision,recall,f1-score,support,matthew
0.890625,0.95,0.9193548387096774,180.0,0.526418416660977
0.7096774193548387,0.5116279069767442,0.5945945945945946,43.0,0.526418416660977
0.8654708520179372,0.8654708520179372,0.8654708520179372,0.8654708520179372,0.526418416660977
0.8001512096774194,0.7308139534883721,0.756974716652136,223.0,0.526418416660977
0.8557337624764936,0.8654708520179372,0.8567329082300874,223.0,0.526418416660977
