precision,recall,f1-score,support,matthew
0.9081081081081082,0.9545454545454546,0.9307479224376732,176.0,0.5867091522968767
0.7419354838709677,0.575,0.6478873239436619,40.0,0.5867091522968767
0.8842592592592593,0.8842592592592593,0.8842592592592593,0.8842592592592593,0.5867091522968767
0.825021795989538,0.7647727272727273,0.7893176231906676,216.0,0.5867091522968767
0.8773353999160451,0.8842592592592593,0.8783663301239675,216.0,0.5867091522968767
