precision,recall,f1-score,support,matthew
0.8634651600753296,0.9683210137275607,0.9128919860627177,947.0,0.5032241589086743
0.781021897810219,0.4246031746031746,0.5501285347043702,252.0,0.5032241589086743
0.854045037531276,0.854045037531276,0.854045037531276,0.854045037531276,0.5032241589086743
0.8222435289427743,0.6964620941653676,0.7315102603835439,1199.0,0.5032241589086743
0.8461376353957566,0.854045037531276,0.8366481247263511,1199.0,0.5032241589086743
