precision,recall,f1-score,support,matthew
0.869980879541109,0.9680851063829787,0.9164149043303123,940.0,0.5004518176389119
0.7692307692307693,0.423728813559322,0.5464480874316939,236.0,0.5004518176389119
0.858843537414966,0.858843537414966,0.858843537414966,0.858843537414966,0.5004518176389119
0.8196058243859392,0.6959069599711504,0.7314314958810031,1176.0,0.5004518176389119
0.8497623199890341,0.858843537414966,0.8421698628438549,1176.0,0.5004518176389119
