precision,recall,f1-score,support,matthew
0.8901734104046243,0.9808917197452229,0.9333333333333333,157.0,0.06580423778110167
0.25,0.05,0.08333333333333334,20.0,0.06580423778110167
0.8757062146892656,0.8757062146892656,0.8757062146892656,0.8757062146892656,0.06580423778110167
0.5700867052023122,0.5154458598726115,0.5083333333333333,177.0,0.06580423778110167
0.8178374318278305,0.8757062146892656,0.8372881355932202,177.0,0.06580423778110167
