precision,recall,f1-score,support,matthew
0.927710843373494,0.9871794871794872,0.9565217391304347,156.0,0.2358348504831592
0.5,0.14285714285714285,0.22222222222222224,14.0,0.2358348504831592
0.9176470588235294,0.9176470588235294,0.9176470588235294,0.9176470588235294,0.2358348504831592
0.713855421686747,0.565018315018315,0.5893719806763285,170.0,0.2358348504831592
0.8924875974486179,0.9176470588235294,0.8960500142085819,170.0,0.2358348504831592
