precision,recall,f1-score,support,matthew
0.8755935422602089,0.9544513457556936,0.9133234274393263,966.0,0.518207764292723
0.7365269461077845,0.484251968503937,0.5843230403800476,254.0,0.518207764292723
0.8565573770491803,0.8565573770491803,0.8565573770491803,0.8565573770491803,0.518207764292723
0.8060602441839967,0.7193516571298153,0.748823233909687,1220.0,0.518207764292723
0.846640332897327,0.8565573770491803,0.8448266255433782,1220.0,0.518207764292723
