precision,recall,f1-score,support,matthew
0.9515151515151515,0.9874213836477987,0.9691358024691358,159.0,0.5402085344505261
0.75,0.42857142857142855,0.5454545454545454,14.0,0.5402085344505261
0.9421965317919075,0.9421965317919075,0.9421965317919075,0.9421965317919075,0.5402085344505261
0.8507575757575758,0.7079964061096137,0.7572951739618405,173.0,0.5402085344505261
0.9352075669994745,0.9421965317919075,0.9348494579708452,173.0,0.5402085344505261
