precision,recall,f1-score,support,matthew
0.8712121212121212,0.9694415173867229,0.9177057356608479,949.0,0.5192491197646136
0.7867647058823529,0.4403292181069959,0.5646437994722955,243.0,0.5192491197646136
0.8615771812080537,0.8615771812080537,0.8615771812080537,0.8615771812080537,0.5192491197646136
0.8289884135472371,0.7048853677468594,0.7411747675665716,1192.0,0.5192491197646136
0.8539967504695594,0.8615771812080537,0.8457308610854971,1192.0,0.5192491197646136
