precision,recall,f1-score,support,matthew
0.8870214752567693,0.9723643807574207,0.927734375,977.0,0.6045178230009955
0.8363636363636363,0.5328185328185329,0.6509433962264152,259.0,0.6045178230009955
0.8802588996763754,0.8802588996763754,0.8802588996763754,0.8802588996763754,0.6045178230009955
0.8616925558102029,0.7525914567879768,0.7893388856132075,1236.0,0.6045178230009955
0.8764062808608781,0.8802588996763754,0.8697336763734965,1236.0,0.6045178230009955
