precision,recall,f1-score,support,matthew
0.9027027027027027,0.9329608938547486,0.9175824175824175,179.0,0.5152798444690155
0.6470588235294118,0.55,0.5945945945945946,40.0,0.5152798444690155
0.863013698630137,0.863013698630137,0.863013698630137,0.863013698630137,0.5152798444690155
0.7748807631160572,0.7414804469273744,0.7560885060885061,219.0,0.5152798444690155
0.8560097567349784,0.863013698630137,0.8585892079042763,219.0,0.5152798444690155
