precision,recall,f1-score,support,matthew
0.9221556886227545,0.9746835443037974,0.9476923076923077,158.0,0.16612382858055302
0.3333333333333333,0.13333333333333333,0.19047619047619044,15.0,0.16612382858055302
0.9017341040462428,0.9017341040462428,0.9017341040462428,0.9017341040462428,0.16612382858055302
0.627744510978044,0.5540084388185654,0.569084249084249,173.0,0.16612382858055302
0.8711017271814752,0.9017341040462428,0.8820377310550721,173.0,0.16612382858055302
