precision,recall,f1-score,support,matthew
0.9415204678362573,0.9938271604938271,0.9669669669669669,162.0,0.19342385934032827
0.5,0.09090909090909091,0.15384615384615385,11.0,0.19342385934032827
0.9364161849710982,0.9364161849710982,0.9364161849710982,0.9364161849710982,0.19342385934032827
0.7207602339181287,0.542368125701459,0.5604065604065605,173.0,0.19342385934032827
0.9134469120778825,0.9364161849710982,0.9152656435893429,173.0,0.19342385934032827
