precision,recall,f1-score,support,matthew
0.8786181139122315,0.9631525076765609,0.9189453125,977.0,0.532037132355197
0.7662337662337663,0.47580645161290325,0.5870646766169155,248.0,0.532037132355197
0.8644897959183674,0.8644897959183674,0.8644897959183674,0.8644897959183674,0.532037132355197
0.822425940072999,0.7194794796447321,0.7530049945584578,1225.0,0.532037132355197
0.8558660174026319,0.8644897959183674,0.8517564164191797,1225.0,0.532037132355197
