precision,recall,f1-score,support,matthew
0.8762790697674419,0.9651639344262295,0.9185763042418332,976.0,0.5130349815220269
0.7605633802816901,0.44813278008298757,0.5639686684073106,241.0,0.5130349815220269
0.8627773212818406,0.8627773212818406,0.8627773212818406,0.8627773212818406,0.5130349815220269
0.8184212250245659,0.7066483572546085,0.7412724863245719,1217.0,0.5130349815220269
0.8533641304362453,0.8627773212818406,0.8483540854775604,1217.0,0.5130349815220269
