precision,recall,f1-score,support,matthew
0.8710900473933649,0.9553014553014553,0.9112543381259297,962.0,0.5149904286871309
0.7425149700598802,0.47692307692307695,0.5807962529274004,260.0,0.5149904286871309
0.853518821603928,0.853518821603928,0.853518821603928,0.853518821603928,0.5149904286871309
0.8068025087266226,0.7161122661122661,0.7460252955266651,1222.0,0.5149904286871309
0.8437336479607086,0.853518821603928,0.8409441072326257,1222.0,0.5149904286871309
