precision,recall,f1-score,support,matthew
0.9166666666666666,0.9808917197452229,0.9476923076923077,157.0,-0.03990434422338111
0.0,0.0,0.0,14.0,-0.03990434422338111
0.9005847953216374,0.9005847953216374,0.9005847953216374,0.9005847953216374,-0.03990434422338111
0.4583333333333333,0.49044585987261147,0.47384615384615386,171.0,-0.03990434422338111
0.8416179337231968,0.9005847953216374,0.8701034637876743,171.0,-0.03990434422338111
