precision,recall,f1-score,support,matthew
0.8924731182795699,0.9540229885057471,0.9222222222222222,174.0,0.566481145982864
0.75,0.5454545454545454,0.631578947368421,44.0,0.566481145982864
0.8715596330275229,0.8715596330275229,0.8715596330275229,0.8715596330275229,0.566481145982864
0.821236559139785,0.7497387669801463,0.7769005847953216,218.0,0.566481145982864
0.8637170760580053,0.8715596330275229,0.8635602768388861,218.0,0.566481145982864
