precision,recall,f1-score,support,matthew
0.9401197604790419,0.9936708860759493,0.9661538461538461,158.0,0.19293864105455602
0.5,0.09090909090909091,0.15384615384615385,11.0,0.19293864105455602
0.9349112426035503,0.9349112426035503,0.9349112426035503,0.9349112426035503,0.19293864105455602
0.7200598802395209,0.5422899884925201,0.56,169.0,0.19293864105455602
0.911472912163838,0.9349112426035503,0.9132817478379608,169.0,0.19293864105455602
