precision,recall,f1-score,support,matthew
0.8770104068117314,0.965625,0.919186911254338,960.0,0.5570587888225632
0.7950310559006211,0.49612403100775193,0.6109785202863962,258.0,0.5570587888225632
0.8661740558292282,0.8661740558292282,0.8661740558292282,0.8661740558292282,0.5570587888225632
0.8360207313561763,0.7308745155038759,0.7650827157703671,1218.0,0.5570587888225632
0.8596453226285898,0.8661740558292282,0.8539013900148232,1218.0,0.5570587888225632
