precision,recall,f1-score,support,matthew
0.8762886597938144,0.9579918032786885,0.9153206069505628,976.0,0.5251503783223157
0.75,0.4823529411764706,0.5871121718377088,255.0,0.5251503783223157
0.859463850528026,0.859463850528026,0.859463850528026,0.859463850528026,0.5251503783223157
0.8131443298969072,0.7201723722275796,0.7512163893941358,1231.0,0.5251503783223157
0.8501281331915214,0.859463850528026,0.8473326695388832,1231.0,0.5251503783223157
