precision,recall,f1-score,support,matthew
0.8709677419354839,0.9642857142857143,0.9152542372881356,952.0,0.530617424025328
0.7792207792207793,0.46875,0.5853658536585367,256.0,0.530617424025328
0.859271523178808,0.859271523178808,0.859271523178808,0.859271523178808,0.530617424025328
0.8250942605781315,0.7165178571428572,0.7503100454733361,1208.0,0.530617424025328
0.8515246769893213,0.859271523178808,0.8453441162540484,1208.0,0.530617424025328
