precision,recall,f1-score,support,matthew
0.8876404494382022,0.9132947976878613,0.9002849002849002,173.0,0.4591154775480971
0.5945945945945946,0.5238095238095238,0.5569620253164557,42.0,0.4591154775480971
0.8372093023255814,0.8372093023255814,0.8372093023255814,0.8372093023255814,0.4591154775480971
0.7411175220163984,0.7185521607486925,0.7286234628006779,215.0,0.4591154775480971
0.8303942824454975,0.8372093023255814,0.8332171758724598,215.0,0.4591154775480971
