precision,recall,f1-score,support,matthew
0.8854667949951877,0.9563409563409564,0.9195402298850573,962.0,0.5468707544039874
0.75,0.5142857142857142,0.6101694915254237,245.0,0.5468707544039874
0.8666114333057167,0.8666114333057167,0.8666114333057167,0.8666114333057167,0.5468707544039874
0.8177333974975938,0.7353133353133353,0.7648548607052406,1207.0,0.5468707544039874
0.8579693925313757,0.8666114333057167,0.8567433525875342,1207.0,0.5468707544039874
