precision,recall,f1-score,support,matthew
0.8767908309455588,0.9622641509433962,0.9175412293853075,954.0,0.520116619914379
0.7567567567567568,0.46473029045643155,0.5758354755784063,241.0,0.520116619914379
0.8619246861924686,0.8619246861924686,0.8619246861924686,0.8619246861924686,0.520116619914379
0.8167737938511578,0.713497220699914,0.7466883524818568,1195.0,0.520116619914379
0.8525831222597837,0.8619246861924686,0.8486281861489366,1195.0,0.520116619914379
