precision,recall,f1-score,support,matthew
0.9337349397590361,0.9872611464968153,0.959752321981424,157.0,-0.029054102890802676
0.0,0.0,0.0,11.0,-0.029054102890802676
0.9226190476190477,0.9226190476190477,0.9226190476190477,0.9226190476190477,-0.029054102890802676
0.46686746987951805,0.49363057324840764,0.479876160990712,168.0,-0.029054102890802676
0.8725975329890991,0.9226190476190477,0.8969113961374022,168.0,-0.029054102890802676
