precision,recall,f1-score,support,matthew
0.8758109360518999,0.9642857142857143,0.917921321029626,980.0,0.5436591728371881
0.782608695652174,0.4846153846153846,0.5985748218527316,260.0,0.5436591728371881
0.8637096774193549,0.8637096774193549,0.8637096774193549,0.8637096774193549,0.5436591728371881
0.8292098158520369,0.7244505494505494,0.7582480714411788,1240.0,0.5436591728371881
0.8562685308067961,0.8637096774193549,0.8509615712022126,1240.0,0.5436591728371881
