precision,recall,f1-score,support,matthew
0.9,0.9101123595505618,0.9050279329608939,178.0,0.45797227685507325
0.5675675675675675,0.5384615384615384,0.5526315789473685,39.0,0.45797227685507325
0.8433179723502304,0.8433179723502304,0.8433179723502304,0.8433179723502304,0.45797227685507325
0.7337837837837837,0.7242869490060502,0.7288297559541312,217.0,0.45797227685507325
0.8402540789637565,0.8433179723502304,0.841694026018371,217.0,0.45797227685507325
