precision,recall,f1-score,support,matthew
0.8803418803418803,0.9626168224299065,0.9196428571428572,963.0,0.5191747399250818
0.7517241379310344,0.46382978723404256,0.5736842105263159,235.0,0.5191747399250818
0.8647746243739566,0.8647746243739566,0.8647746243739566,0.8647746243739566,0.5191747399250818
0.8160330091364574,0.7132233048319745,0.7466635338345866,1198.0,0.5191747399250818
0.8551121896352452,0.8647746243739566,0.8517795166129013,1198.0,0.5191747399250818
