precision,recall,f1-score,support,matthew
0.8719923002887392,0.9577167019027484,0.9128463476070529,946.0,0.5046203110498909
0.738562091503268,0.45934959349593496,0.5664160401002506,246.0,0.5046203110498909
0.8548657718120806,0.8548657718120806,0.8548657718120806,0.8548657718120806,0.5046203110498909
0.8052771958960037,0.7085331476993417,0.7396311938536517,1192.0,0.5046203110498909
0.844455529012543,0.8548657718120806,0.8413515022658838,1192.0,0.5046203110498909
