precision,recall,f1-score,support,matthew
0.95,0.987012987012987,0.9681528662420381,154.0,0.5393598899705937
0.75,0.42857142857142855,0.5454545454545454,14.0,0.5393598899705937
0.9404761904761905,0.9404761904761905,0.9404761904761905,0.9404761904761905,0.5393598899705937
0.85,0.7077922077922078,0.7568037058482917,168.0,0.5393598899705937
0.9333333333333332,0.9404761904761905,0.9329280061764136,168.0,0.5393598899705937
