precision,recall,f1-score,support,matthew
0.8723404255319149,0.9318181818181818,0.9010989010989012,176.0,0.4383540296599872
0.625,0.45454545454545453,0.5263157894736842,44.0,0.4383540296599872
0.8363636363636363,0.8363636363636363,0.8363636363636363,0.8363636363636363,0.4383540296599872
0.7486702127659575,0.6931818181818181,0.7137073452862928,220.0,0.4383540296599872
0.8228723404255319,0.8363636363636363,0.8261422787738579,220.0,0.4383540296599872
