precision,recall,f1-score,support,matthew
0.9252873563218391,0.9252873563218391,0.9252873563218391,174.0,0.6157635467980296
0.6904761904761905,0.6904761904761905,0.6904761904761905,42.0,0.6157635467980296
0.8796296296296297,0.8796296296296297,0.8796296296296297,0.8796296296296297,0.6157635467980296
0.8078817733990148,0.8078817733990148,0.8078817733990148,216.0,0.6157635467980296
0.8796296296296297,0.8796296296296297,0.8796296296296297,216.0,0.6157635467980296
