precision,recall,f1-score,support,matthew
0.9161676646706587,0.9745222929936306,0.9444444444444444,157.0,-0.04621531864199002
0.0,0.0,0.0,14.0,-0.04621531864199002
0.8947368421052632,0.8947368421052632,0.8947368421052632,0.8947368421052632,-0.04621531864199002
0.45808383233532934,0.4872611464968153,0.4722222222222222,171.0,-0.04621531864199002
0.8411597856917744,0.8947368421052632,0.8671215074723846,171.0,-0.04621531864199002
