precision,recall,f1-score,support,matthew
0.9285714285714286,0.9811320754716981,0.9541284403669724,159.0,0.43264510970930425
0.6666666666666666,0.3333333333333333,0.4444444444444444,18.0,0.43264510970930425
0.9152542372881356,0.9152542372881356,0.9152542372881356,0.9152542372881356,0.43264510970930425
0.7976190476190477,0.6572327044025157,0.6992864424057084,177.0,0.43264510970930425
0.9019370460048426,0.9152542372881356,0.9022961695951899,177.0,0.43264510970930425
