precision,recall,f1-score,support,matthew
0.9151515151515152,0.9805194805194806,0.9467084639498432,154.0,-0.040655781409087086
0.0,0.0,0.0,14.0,-0.040655781409087086
0.8988095238095238,0.8988095238095238,0.8988095238095238,0.8988095238095238,-0.040655781409087086
0.4575757575757576,0.4902597402597403,0.4733542319749216,168.0,-0.040655781409087086
0.8388888888888889,0.8988095238095238,0.8678160919540229,168.0,-0.040655781409087086
