precision,recall,f1-score,support,matthew
0.8888888888888888,0.9545454545454546,0.9205479452054794,176.0,0.5583012956283879
0.75,0.5333333333333333,0.6233766233766235,45.0,0.5583012956283879
0.8687782805429864,0.8687782805429864,0.8687782805429864,0.8687782805429864,0.5583012956283879
0.8194444444444444,0.7439393939393939,0.7719622842910514,221.0,0.5583012956283879
0.8606083459024635,0.8687782805429864,0.86003794754802,221.0,0.5583012956283879
