precision,recall,f1-score,support,matthew
0.9329268292682927,0.9935064935064936,0.9622641509433962,154.0,-0.020869596778242055
0.0,0.0,0.0,11.0,-0.020869596778242055
0.9272727272727272,0.9272727272727272,0.9272727272727272,0.9272727272727272,-0.020869596778242055
0.46646341463414637,0.4967532467532468,0.4811320754716981,165.0,-0.020869596778242055
0.8707317073170733,0.9272727272727272,0.8981132075471698,165.0,-0.020869596778242055
