precision,recall,f1-score,support,matthew
0.8765315739868049,0.9567901234567902,0.9149040826364978,972.0,0.5122933599962535
0.7358490566037735,0.4717741935483871,0.5749385749385749,248.0,0.5122933599962535
0.8581967213114754,0.8581967213114754,0.8581967213114754,0.8581967213114754,0.5122933599962535
0.8061903152952892,0.7142821585025887,0.7449213287875364,1220.0,0.5122933599962535
0.8479338163548445,0.8581967213114754,0.8457963400880675,1220.0,0.5122933599962535
