precision,recall,f1-score,support,matthew
0.9130434782608695,0.9655172413793104,0.9385474860335196,174.0,0.6261754780599981
0.7931034482758621,0.5897435897435898,0.676470588235294,39.0,0.6261754780599981
0.8967136150234741,0.8967136150234741,0.8967136150234741,0.8967136150234741,0.6261754780599981
0.8530734632683659,0.7776304155614501,0.8075090371344068,213.0,0.6261754780599981
0.8910826277002344,0.8967136150234741,0.8905615751690558,213.0,0.6261754780599981
