precision,recall,f1-score,support,matthew
0.8790397045244691,0.9714285714285714,0.9229277750848278,980.0,0.5476109009974865
0.8041958041958042,0.46747967479674796,0.5912596401028277,246.0,0.5476109009974865
0.8703099510603589,0.8703099510603589,0.8703099510603589,0.8703099510603589,0.5476109009974865
0.8416177543601366,0.7194541231126597,0.7570937075938278,1226.0,0.5476109009974865
0.8640220866771188,0.8703099510603589,0.8563777251618491,1226.0,0.5476109009974865
