precision,recall,f1-score,support,matthew
0.8676056338028169,0.9695697796432319,0.9157581764122894,953.0,0.5301097426147717
0.8,0.45136186770428016,0.5771144278606966,257.0,0.5301097426147717
0.859504132231405,0.859504132231405,0.859504132231405,0.859504132231405,0.5301097426147717
0.8338028169014085,0.710465823673756,0.746436302136493,1210.0,0.5301097426147717
0.8532464206727971,0.859504132231405,0.8438313637033974,1210.0,0.5301097426147717
