precision,recall,f1-score,support,matthew
0.9272727272727272,0.9807692307692307,0.9532710280373831,156.0,0.2011455703204534
0.4,0.14285714285714285,0.21052631578947364,14.0,0.2011455703204534
0.9117647058823529,0.9117647058823529,0.9117647058823529,0.9117647058823529,0.2011455703204534
0.6636363636363636,0.5618131868131868,0.5818986719134284,170.0,0.2011455703204534
0.8838502673796791,0.9117647058823529,0.8921038164404964,170.0,0.2011455703204534
