precision,recall,f1-score,support,matthew
0.864321608040201,0.9772727272727273,0.9173333333333333,176.0,0.41840193416731764
0.75,0.3076923076923077,0.4363636363636364,39.0,0.41840193416731764
0.8558139534883721,0.8558139534883721,0.8558139534883721,0.8558139534883721,0.41840193416731764
0.8071608040201005,0.6424825174825175,0.6768484848484848,215.0,0.41840193416731764
0.843584200070118,0.8558139534883721,0.8300876673713884,215.0,0.41840193416731764
