precision,recall,f1-score,support,matthew
0.8953488372093024,1.0,0.9447852760736196,154.0,0.0
0.0,0.0,0.0,18.0,0.0
0.8953488372093024,0.8953488372093024,0.8953488372093024,0.8953488372093024,0.0
0.4476744186046512,0.5,0.4723926380368098,172.0,0.0
0.8016495402920497,0.8953488372093024,0.845912398344985,172.0,0.0
