precision,recall,f1-score,support,matthew
0.8755846585594013,0.968944099378882,0.9199017199017199,966.0,0.556113908570593
0.8064516129032258,0.4844961240310077,0.6053268765133172,258.0,0.556113908570593
0.8668300653594772,0.8668300653594772,0.8668300653594772,0.8668300653594772,0.556113908570593
0.8410181357313136,0.7267201117049449,0.7626142982075186,1224.0,0.556113908570593
0.8610124969750114,0.8668300653594772,0.8535942774227918,1224.0,0.556113908570593
