precision,recall,f1-score,support,matthew
0.8838383838383839,0.9722222222222222,0.925925925925926,180.0,0.5468718807123065
0.8,0.46511627906976744,0.5882352941176471,43.0,0.5468718807123065
0.874439461883408,0.874439461883408,0.874439461883408,0.874439461883408,0.5468718807123065
0.841919191919192,0.7186692506459949,0.7570806100217866,223.0,0.5468718807123065
0.8676722380758256,0.874439461883408,0.8608106919898005,223.0,0.5468718807123065
