precision,recall,f1-score,support,matthew
0.864321608040201,0.9717514124293786,0.9148936170212765,177.0,0.47763667260751597
0.7727272727272727,0.38636363636363635,0.515151515151515,44.0,0.47763667260751597
0.8552036199095022,0.8552036199095022,0.8552036199095022,0.8552036199095022,0.47763667260751597
0.8185244403837368,0.6790575243965075,0.7150225660863958,221.0,0.47763667260751597
0.8460856317788035,0.8552036199095022,0.8353069542055774,221.0,0.47763667260751597
