precision,recall,f1-score,support,matthew
0.8888888888888888,0.9655172413793104,0.9256198347107438,174.0,0.577043340905531
0.7931034482758621,0.5227272727272727,0.6301369863013699,44.0,0.577043340905531
0.8761467889908257,0.8761467889908257,0.8761467889908257,0.8761467889908257,0.577043340905531
0.8409961685823755,0.7441222570532915,0.7778784105060569,218.0,0.577043340905531
0.8695560476642412,0.8761467889908257,0.8659810946648151,218.0,0.577043340905531
