precision,recall,f1-score,support,matthew
0.9235294117647059,1.0,0.9602446483180428,157.0,0.0
0.0,0.0,0.0,13.0,0.0
0.9235294117647059,0.9235294117647059,0.9235294117647059,0.9235294117647059,0.0
0.46176470588235297,0.5,0.4801223241590214,170.0,0.0
0.8529065743944637,0.9235294117647059,0.8868141752113688,170.0,0.0
