precision,recall,f1-score,support,matthew
0.890625,0.9884393063583815,0.9369863013698632,173.0,0.5964592800379934
0.9,0.46153846153846156,0.6101694915254238,39.0,0.5964592800379934
0.8915094339622641,0.8915094339622641,0.8915094339622641,0.8915094339622641,0.5964592800379934
0.8953125,0.7249888839484215,0.7735778964476434,212.0,0.5964592800379934
0.8923496462264151,0.8915094339622641,0.8768643410682917,212.0,0.5964592800379934
