precision,recall,f1-score,support,matthew
0.9005847953216374,0.9935483870967742,0.9447852760736196,155.0,-0.025325647420742448
0.0,0.0,0.0,17.0,-0.025325647420742448
0.8953488372093024,0.8953488372093024,0.8953488372093024,0.8953488372093024,-0.025325647420742448
0.4502923976608187,0.4967741935483871,0.4723926380368098,172.0,-0.025325647420742448
0.8115735074119407,0.8953488372093024,0.8514053359965758,172.0,-0.025325647420742448
