precision,recall,f1-score,support,matthew
0.8730964467005076,0.9717514124293786,0.9197860962566845,177.0,0.5399662446767305
0.8076923076923077,0.45652173913043476,0.5833333333333333,46.0,0.5399662446767305
0.8654708520179372,0.8654708520179372,0.8654708520179372,0.8654708520179372,0.5399662446767305
0.8403943771964076,0.7141365757799066,0.7515597147950088,223.0,0.5399662446767305
0.8596050099544216,0.8654708520179372,0.8503832841738407,223.0,0.5399662446767305
