precision,recall,f1-score,support,matthew
0.8797763280521901,0.9711934156378601,0.9232273838630807,972.0,0.55758094123725
0.8095238095238095,0.4798387096774194,0.6025316455696204,248.0,0.55758094123725
0.8713114754098361,0.8713114754098361,0.8713114754098361,0.8713114754098361,0.55758094123725
0.8446500687879999,0.7255160626576398,0.7628795147163505,1220.0,0.55758094123725
0.8654954882201913,0.8713114754098361,0.858036774767361,1220.0,0.55758094123725
