precision,recall,f1-score,support,matthew
0.9,1.0,0.9473684210526316,162.0,0.0
0.0,0.0,0.0,18.0,0.0
0.9,0.9,0.9,0.9,0.0
0.45,0.5,0.4736842105263158,180.0,0.0
0.81,0.9,0.8526315789473685,180.0,0.0
