precision,recall,f1-score,support,matthew
0.9329268292682927,1.0,0.9652996845425867,153.0,0.0
0.0,0.0,0.0,11.0,0.0
0.9329268292682927,0.9329268292682927,0.9329268292682927,0.9329268292682927,0.0
0.46646341463414637,0.5,0.48264984227129337,164.0,0.0
0.8703524687685902,0.9329268292682927,0.9005539739939986,164.0,0.0
