precision,recall,f1-score,support,matthew
0.8665447897623401,0.9713114754098361,0.9159420289855073,976.0,0.4832394520201137
0.7723577235772358,0.3941908713692946,0.521978021978022,241.0,0.4832394520201137
0.857025472473295,0.857025472473295,0.857025472473295,0.857025472473295,0.4832394520201137
0.8194512566697879,0.6827511733895654,0.7189600254817646,1217.0,0.4832394520201137
0.8478931193016909,0.857025472473295,0.8379261492083471,1217.0,0.4832394520201137
