precision,recall,f1-score,support,matthew
0.8643744030563515,0.9526315789473684,0.9063595393089634,950.0,0.4639462112862831
0.7019867549668874,0.4274193548387097,0.531328320802005,248.0,0.4639462112862831
0.843906510851419,0.843906510851419,0.843906510851419,0.843906510851419,0.4639462112862831
0.7831805790116195,0.690025466893039,0.7188439300554842,1198.0,0.4639462112862831
0.8307582622164625,0.843906510851419,0.8287236944093593,1198.0,0.4639462112862831
