precision,recall,f1-score,support,matthew
0.8917525773195877,0.9611111111111111,0.9251336898395722,180.0,0.5439845990340667
0.75,0.5,0.6,42.0,0.5439845990340667
0.8738738738738738,0.8738738738738738,0.8738738738738738,0.8738738738738738,0.5439845990340667
0.8208762886597938,0.7305555555555556,0.7625668449197861,222.0,0.5439845990340667
0.8649345221510171,0.8738738738738738,0.8636219106807342,222.0,0.5439845990340667
