precision,recall,f1-score,support,matthew
0.8610328638497653,0.9562043795620438,0.9061264822134387,959.0,0.42340905112101207
0.6793893129770993,0.3755274261603376,0.4836956521739131,237.0,0.42340905112101207
0.8411371237458194,0.8411371237458194,0.8411371237458194,0.8411371237458194,0.42340905112101207
0.7702110884134323,0.6658659028611907,0.6949110671936759,1196.0,0.42340905112101207
0.8250382806082754,0.8411371237458194,0.8224173628828638,1196.0,0.42340905112101207
