precision,recall,f1-score,support,matthew
0.8562091503267973,0.9683210137275607,0.908820614469772,947.0,0.47130172531173486
0.765625,0.3888888888888889,0.5157894736842106,252.0,0.47130172531173486
0.8465387823185988,0.8465387823185988,0.8465387823185988,0.8465387823185988,0.47130172531173486
0.8109170751633987,0.6786049513082248,0.7123050440769914,1199.0,0.47130172531173486
0.8371706133106565,0.8465387823185988,0.8262152370903213,1199.0,0.47130172531173486
