precision,recall,f1-score,support,matthew
0.9161676646706587,0.9935064935064936,0.9532710280373833,154.0,-0.023331648330687904
0.0,0.0,0.0,14.0,-0.023331648330687904
0.9107142857142857,0.9107142857142857,0.9107142857142857,0.9107142857142857,-0.023331648330687904
0.45808383233532934,0.4967532467532468,0.47663551401869164,168.0,-0.023331648330687904
0.8398203592814372,0.9107142857142857,0.8738317757009346,168.0,-0.023331648330687904
