precision,recall,f1-score,support,matthew
0.9171270718232044,0.9940119760479041,0.9540229885057472,167.0,-0.022276558955614475
0.0,0.0,0.0,15.0,-0.022276558955614475
0.9120879120879121,0.9120879120879121,0.9120879120879121,0.9120879120879121,-0.022276558955614475
0.4585635359116022,0.49700598802395207,0.4770114942528736,182.0,-0.022276558955614475
0.8415396757938195,0.9120879120879121,0.8753947202223065,182.0,-0.022276558955614475
