precision,recall,f1-score,support,matthew
0.882183908045977,0.9603753910323254,0.9196205691462805,959.0,0.5093767825673711
0.7342657342657343,0.4605263157894737,0.5660377358490565,228.0,0.5093767825673711
0.8643639427127211,0.8643639427127211,0.8643639427127211,0.8643639427127211,0.5093767825673711
0.8082248211558556,0.7104508534108995,0.7428291524976685,1187.0,0.5093767825673711
0.8537716556265201,0.8643639427127211,0.8517040687319865,1187.0,0.5093767825673711
