precision,recall,f1-score,support,matthew
0.8760975609756098,0.962486602357985,0.9172625127681309,933.0,0.5559411663592113
0.7865853658536586,0.50390625,0.6142857142857142,256.0,0.5559411663592113
0.8637510513036165,0.8637510513036165,0.8637510513036165,0.8637510513036165,0.5559411663592113
0.8313414634146341,0.7331964261789925,0.7657741135269225,1189.0,0.5559411663592113
0.8568249605120105,0.8637510513036165,0.8520294930780563,1189.0,0.5559411663592113
