precision,recall,f1-score,support,matthew
0.9239766081871345,1.0,0.9604863221884498,158.0,0.0
0.0,0.0,0.0,13.0,0.0
0.9239766081871345,0.9239766081871345,0.9239766081871345,0.9239766081871345,0.0
0.4619883040935672,0.5,0.4802431610942249,171.0,0.0
0.8537327724770015,0.9239766081871345,0.887466894185819,171.0,0.0
