precision,recall,f1-score,support,matthew
0.8636363636363636,0.9827586206896551,0.9193548387096775,174.0,0.5004333886429765
0.8421052631578947,0.37209302325581395,0.5161290322580645,43.0,0.5004333886429765
0.8617511520737328,0.8617511520737328,0.8617511520737328,0.8617511520737328,0.5004333886429765
0.8528708133971292,0.6774258219727345,0.717741935483871,217.0,0.5004333886429765
0.8593698322051464,0.8617511520737328,0.8394529507953025,217.0,0.5004333886429765
