precision,recall,f1-score,support,matthew
0.9176470588235294,1.0,0.9570552147239264,156.0,0.0
0.0,0.0,0.0,14.0,0.0
0.9176470588235294,0.9176470588235294,0.9176470588235294,0.9176470588235294,0.0
0.4588235294117647,0.5,0.4785276073619632,170.0,0.0
0.842076124567474,0.9176470588235294,0.8782389029231326,170.0,0.0
