precision,recall,f1-score,support,matthew
0.8516483516483516,0.9627329192546584,0.9037900874635568,966.0,0.4754131433829702
0.7567567567567568,0.40875912408759124,0.5308056872037915,274.0,0.4754131433829702
0.8403225806451613,0.8403225806451613,0.8403225806451613,0.8403225806451613,0.4754131433829702
0.8042025542025542,0.6857460216711249,0.7172978873336742,1240.0,0.4754131433829702
0.8306803701964991,0.8403225806451613,0.8213725667609958,1240.0,0.4754131433829702
