precision,recall,f1-score,support,matthew
0.8776645041705282,0.9643584521384929,0.9189713731198447,982.0,0.5183308603686321
0.7602739726027398,0.4567901234567901,0.5706940874035991,243.0,0.5183308603686321
0.8636734693877551,0.8636734693877551,0.8636734693877551,0.8636734693877551,0.5183308603686321
0.818969238386634,0.7105742877976415,0.7448327302617219,1225.0,0.5183308603686321
0.8543780558676934,0.8636734693877551,0.8498845319532751,1225.0,0.5183308603686321
