precision,recall,f1-score,support,matthew
0.859925788497217,0.965625,0.9097154072620215,960.0,0.4872588054993936
0.7642857142857142,0.41472868217054265,0.5376884422110553,258.0,0.4872588054993936
0.8489326765188834,0.8489326765188834,0.8489326765188834,0.8489326765188834,0.4872588054993936
0.8121057513914656,0.6901768410852713,0.7237019247365384,1218.0,0.4872588054993936
0.8396670535657165,0.8489326765188834,0.8309116658965459,1218.0,0.4872588054993936
