precision,recall,f1-score,support,matthew
0.898936170212766,0.9548022598870056,0.9260273972602739,177.0,0.5674394896271466
0.7419354838709677,0.5476190476190477,0.6301369863013699,42.0,0.5674394896271466
0.8767123287671232,0.8767123287671232,0.8767123287671232,0.8767123287671232,0.5674394896271466
0.8204358270418668,0.7512106537530266,0.7780821917808219,219.0,0.5674394896271466
0.8688264495444759,0.8767123287671232,0.8692812910489773,219.0,0.5674394896271466
