precision,recall,f1-score,support,matthew
0.9209039548022598,1.0,0.9588235294117646,163.0,0.0
0.0,0.0,0.0,14.0,0.0
0.9209039548022598,0.9209039548022598,0.9209039548022598,0.9209039548022598,0.0
0.4604519774011299,0.5,0.4794117647058823,177.0,0.0
0.8480640939704427,0.9209039548022598,0.882984380192755,177.0,0.0
