precision,recall,f1-score,support,matthew
0.8814432989690721,0.9661016949152542,0.9218328840970349,177.0,0.492653467551148
0.7391304347826086,0.425,0.5396825396825397,40.0,0.492653467551148
0.8663594470046083,0.8663594470046083,0.8663594470046083,0.8663594470046083,0.492653467551148
0.8102868668758404,0.6955508474576271,0.7307577118897872,217.0,0.492653467551148
0.8552105129439176,0.8663594470046083,0.851390424297128,217.0,0.492653467551148
