precision,recall,f1-score,support,matthew
0.9181286549707602,1.0,0.9573170731707318,157.0,0.0
0.0,0.0,0.0,14.0,0.0
0.9181286549707602,0.9181286549707602,0.9181286549707602,0.9181286549707602,0.0
0.4590643274853801,0.5,0.4786585365853659,171.0,0.0
0.8429602270784173,0.9181286549707602,0.8789402367707888,171.0,0.0
