precision,recall,f1-score,support,matthew
0.9107142857142857,0.9935064935064936,0.9503105590062112,154.0,-0.02407856651654436
0.0,0.0,0.0,15.0,-0.02407856651654436
0.9053254437869822,0.9053254437869822,0.9053254437869822,0.9053254437869822,-0.02407856651654436
0.45535714285714285,0.4967532467532468,0.4751552795031056,169.0,-0.02407856651654436
0.8298816568047337,0.9053254437869822,0.865963467970157,169.0,-0.02407856651654436
