precision,recall,f1-score,support,matthew
0.8704663212435233,0.9655172413793104,0.9155313351498637,174.0,0.4751010064310649
0.7391304347826086,0.40476190476190477,0.523076923076923,42.0,0.4751010064310649
0.8564814814814815,0.8564814814814815,0.8564814814814815,0.8564814814814815,0.4751010064310649
0.804798378013066,0.6851395730706076,0.7193041291133934,216.0,0.4751010064310649
0.8449287877650121,0.8564814814814815,0.8392207550245696,216.0,0.4751010064310649
