precision,recall,f1-score,support,matthew
0.8877551020408163,0.9613259668508287,0.923076923076923,181.0,0.5125547744867012
0.7307692307692307,0.4634146341463415,0.5671641791044776,41.0,0.5125547744867012
0.8693693693693694,0.8693693693693694,0.8693693693693694,0.8693693693693694,0.5125547744867012
0.8092621664050235,0.7123703004985851,0.7451205510907003,222.0,0.5125547744867012
0.858762215905073,0.8693693693693694,0.857345290181111,222.0,0.5125547744867012
