precision,recall,f1-score,support,matthew
0.9226190476190477,1.0,0.9597523219814241,155.0,0.25671260301009313
1.0,0.07142857142857142,0.13333333333333333,14.0,0.25671260301009313
0.9230769230769231,0.9230769230769231,0.9230769230769231,0.9230769230769231,0.25671260301009313
0.9613095238095238,0.5357142857142857,0.5465428276573787,169.0,0.25671260301009313
0.9290293040293041,0.9230769230769231,0.8912915773596889,169.0,0.25671260301009313
