precision,recall,f1-score,support,matthew
0.8907103825136612,0.9421965317919075,0.9157303370786517,173.0,0.5190852913182824
0.6875,0.5238095238095238,0.5945945945945946,42.0,0.5190852913182824
0.8604651162790697,0.8604651162790697,0.8604651162790697,0.8604651162790697,0.5190852913182824
0.7891051912568305,0.7330030278007157,0.7551624658366232,215.0,0.5190852913182824
0.85101347058076,0.8604651162790697,0.8529968431980451,215.0,0.5190852913182824
