precision,recall,f1-score,support,matthew
0.8784688995215311,0.9622641509433962,0.9184592296148074,954.0,0.5271822912369344
0.76,0.4730290456431535,0.5831202046035806,241.0,0.5271822912369344
0.8635983263598327,0.8635983263598327,0.8635983263598327,0.8635983263598327,0.5271822912369344
0.8192344497607655,0.7176465982932749,0.750789717109194,1195.0,0.5271822912369344
0.8545768453084022,0.8635983263598327,0.8508301877506186,1195.0,0.5271822912369344
