precision,recall,f1-score,support,matthew
0.8805268109125117,0.9639546858908342,0.9203539823008848,971.0,0.5586731847565194
0.7865853658536586,0.50390625,0.6142857142857142,256.0,0.5586731847565194
0.8679706601466992,0.8679706601466992,0.8679706601466992,0.8679706601466992,0.5586731847565194
0.8335560883830851,0.733930467945417,0.7673198482932995,1227.0,0.5586731847565194
0.8609269658146582,0.8679706601466992,0.8564962181510204,1227.0,0.5586731847565194
