precision,recall,f1-score,support,matthew
0.9289940828402367,1.0,0.9631901840490796,157.0,0.0
0.0,0.0,0.0,12.0,0.0
0.9289940828402367,0.9289940828402367,0.9289940828402367,0.9289940828402367,0.0
0.46449704142011833,0.5,0.4815950920245398,169.0,0.0
0.8630300059521726,0.9289940828402367,0.8947979816313936,169.0,0.0
