precision,recall,f1-score,support,matthew
0.8994974874371859,0.9781420765027322,0.93717277486911,183.0,0.5570177812063425
0.8095238095238095,0.4594594594594595,0.5862068965517242,37.0,0.5570177812063425
0.8909090909090909,0.8909090909090909,0.8909090909090909,0.8909090909090909,0.5570177812063425
0.8545106484804977,0.7188007679810958,0.7616898357104172,220.0,0.5570177812063425
0.884365550697209,0.8909090909090909,0.8781466953339134,220.0,0.5570177812063425
