precision,recall,f1-score,support,matthew
0.8781725888324873,0.9719101123595506,0.9226666666666667,178.0,0.5484563949531397
0.8076923076923077,0.4666666666666667,0.5915492957746479,45.0,0.5484563949531397
0.8699551569506726,0.8699551569506726,0.8699551569506726,0.8699551569506726,0.5484563949531397
0.8429324482623974,0.7192883895131086,0.7571079812206574,223.0,0.5484563949531397
0.8639501105755004,0.8699551569506726,0.8558492599844207,223.0,0.5484563949531397
