precision,recall,f1-score,support,matthew
0.9188134270101483,0.9553571428571429,0.9367290091524075,1232.0,0.6167503359484734
0.75,0.6133828996282528,0.674846625766871,269.0,0.6167503359484734
0.894070619586942,0.894070619586942,0.894070619586942,0.894070619586942,0.6167503359484734
0.8344067135050741,0.7843700212426978,0.8057878174596393,1501.0,0.6167503359484734
0.8885597215699552,0.894070619586942,0.8897960570333473,1501.0,0.6167503359484734
