precision,recall,f1-score,support,matthew
0.9100691775557264,0.9618196588139724,0.9352290679304898,1231.0,0.5958650581222532
0.7638190954773869,0.5650557620817844,0.6495726495726496,269.0,0.5958650581222532
0.8906666666666667,0.8906666666666667,0.8906666666666667,0.8906666666666667,0.5958650581222532
0.8369441365165566,0.7634377104478784,0.7924008587515696,1500.0,0.5958650581222532
0.8838416628363441,0.8906666666666667,0.884001350238317,1500.0,0.5958650581222532
