precision,recall,f1-score,support,matthew
0.9403361344537815,0.9104963384865744,0.9251756924348905,1229.0,0.6140578201500831
0.6428571428571429,0.7360594795539034,0.68630849220104,269.0,0.6140578201500831
0.8791722296395194,0.8791722296395194,0.8791722296395194,0.8791722296395194,0.6140578201500831
0.7915966386554623,0.8232779090202389,0.8057420923179652,1498.0,0.6140578201500831
0.8869170097945719,0.8791722296395194,0.8822816491352202,1498.0,0.6140578201500831
