precision,recall,f1-score,support,matthew
0.9482173174872666,0.9118367346938776,0.929671244277986,1225.0,0.6445602818055173
0.6582278481012658,0.7732342007434945,0.7111111111111111,269.0,0.6445602818055173
0.8868808567603749,0.8868808567603749,0.8868808567603749,0.8868808567603749,0.6445602818055173
0.8032225827942662,0.842535467718686,0.8203911776945485,1494.0,0.6445602818055173
0.8960036847798809,0.8868808567603749,0.8903187169540975,1494.0,0.6445602818055173
