precision,recall,f1-score,support,matthew
0.9489966555183946,0.9250203748981255,0.9368551382583573,1227.0,0.6697087828209735
0.6933333333333334,0.7732342007434945,0.7311072056239015,269.0,0.6697087828209735
0.8977272727272727,0.8977272727272727,0.8977272727272727,0.8977272727272727,0.6697087828209735
0.821164994425864,0.84912728782081,0.8339811719411294,1496.0,0.6697087828209735
0.903025108949022,0.8977272727272727,0.8998590193555038,1496.0,0.6697087828209735
