precision,recall,f1-score,support,matthew
0.9498299319727891,0.908130081300813,0.9285120532003324,1230.0,0.6418960329159787
0.6490683229813664,0.7798507462686567,0.7084745762711864,268.0,0.6418960329159787
0.8851802403204272,0.8851802403204272,0.8851802403204272,0.8851802403204272,0.6418960329159787
0.7994491274770777,0.8439904137847348,0.8184933147357594,1498.0,0.6418960329159787
0.8960221140757921,0.8851802403204272,0.8891462028551981,1498.0,0.6418960329159787
