precision,recall,f1-score,support,matthew
0.9166023166023166,0.9666123778501629,0.9409433214427269,1228.0,0.6350524172583468
0.7970297029702971,0.5985130111524164,0.683651804670913,269.0,0.6350524172583468
0.9004676018704075,0.9004676018704075,0.9004676018704075,0.9004676018704075,0.6350524172583468
0.8568160097863069,0.7825626945012896,0.8122975630568199,1497.0,0.6350524172583468
0.8951159885682397,0.9004676018704075,0.8947099092773175,1497.0,0.6350524172583468
