precision,recall,f1-score,support,matthew
0.9162098668754894,0.9512195121951219,0.9333865177502991,1230.0,0.5979090790519824
0.7297297297297297,0.6022304832713755,0.659877800407332,269.0,0.5979090790519824
0.8885923949299533,0.8885923949299533,0.8885923949299533,0.8885923949299533,0.5979090790519824
0.8229697983026096,0.7767249977332487,0.7966321590788156,1499.0,0.5979090790519824
0.8827454526712136,0.8885923949299533,0.8843045664726086,1499.0,0.5979090790519824
