precision,recall,f1-score,support,matthew
0.9526270456503014,0.9013854930725347,0.9262981574539364,1227.0,0.6420157120430832
0.6388059701492538,0.7955390334572491,0.7086092715231788,269.0,0.6420157120430832
0.8823529411764706,0.8823529411764706,0.8823529411764706,0.8823529411764706,0.6420157120430832
0.7957165078997777,0.8484622632648919,0.8174537144885576,1496.0,0.6420157120430832
0.8961979886250462,0.8823529411764706,0.8871549018955316,1496.0,0.6420157120430832
