precision,recall,f1-score,support,matthew
0.9184481393507522,0.9446254071661238,0.9313528703331996,1228.0,0.5925230909458821
0.7081545064377682,0.6156716417910447,0.6586826347305389,268.0,0.5925230909458821
0.8856951871657754,0.8856951871657754,0.8856951871657754,0.8856951871657754,0.5925230909458821
0.8133013228942603,0.7801485244785842,0.7950177525318692,1496.0,0.5925230909458821
0.880775215807517,0.8856951871657754,0.8825055286610651,1496.0,0.5925230909458821
