precision,recall,f1-score,support,matthew
0.9133489461358314,0.951993490642799,0.9322709163346613,1229.0,0.5881953981073655
0.728110599078341,0.587360594795539,0.6502057613168724,269.0,0.5881953981073655
0.8865153538050734,0.8865153538050734,0.8865153538050734,0.8865153538050734,0.5881953981073655
0.8207297726070861,0.769677042719169,0.7912383388257669,1498.0,0.5881953981073655
0.8800851842142927,0.8865153538050734,0.8816196969089035,1498.0,0.5881953981073655
