precision,recall,f1-score,support,matthew
0.9427609427609428,0.9135399673735726,0.927920463960232,1226.0,0.6283221406260777
0.6547231270358306,0.7472118959107806,0.6979166666666666,269.0,0.6283221406260777
0.8836120401337793,0.8836120401337793,0.8836120401337793,0.8836120401337793,0.6283221406260777
0.7987420348983867,0.8303759316421766,0.8129185653134493,1495.0,0.6283221406260777
0.8909334026739495,0.8836120401337793,0.8865351653167743,1495.0,0.6283221406260777
