precision,recall,f1-score,support,matthew
0.9465648854961832,0.9095354523227384,0.9276807980049875,1227.0,0.6346451398802323
0.6498422712933754,0.7657992565055762,0.7030716723549488,269.0,0.6346451398802323
0.8836898395721925,0.8836898395721925,0.8836898395721925,0.8836898395721925,0.6346451398802323
0.7982035783947793,0.8376673544141573,0.8153762351799682,1496.0,0.6346451398802323
0.8932103512578441,0.8836898395721925,0.8872931945291449,1496.0,0.6346451398802323
