precision,recall,f1-score,support,matthew
0.919431279620853,0.9455727051177905,0.9323187825390469,1231.0,0.5988201184857351
0.7136752136752137,0.620817843866171,0.6640159045725645,269.0,0.5988201184857351
0.8873333333333333,0.8873333333333333,0.8873333333333333,0.8873333333333333,0.5988201184857351
0.8165532466480334,0.7831952744919808,0.7981673435558057,1500.0,0.5988201184857351
0.8825323584612683,0.8873333333333333,0.884203133090391,1500.0,0.5988201184857351
