precision,recall,f1-score,support,matthew
0.9140625,0.9512195121951219,0.9322709163346613,1230.0,0.5891682286892023
0.726027397260274,0.5910780669144982,0.6516393442622951,269.0,0.5891682286892023
0.8865910607071381,0.8865910607071381,0.8865910607071381,0.8865910607071381,0.5891682286892023
0.820044948630137,0.77114878955481,0.7919551302984782,1499.0,0.5891682286892023
0.8803190426037449,0.8865910607071381,0.8819107476305476,1499.0,0.5891682286892023
