precision,recall,f1-score,support,matthew
0.9178403755868545,0.9559902200488998,0.9365269461077844,1227.0,0.6156825931082716
0.7522935779816514,0.6096654275092936,0.6735112936344969,269.0,0.6156825931082716
0.8937165775401069,0.8937165775401069,0.8937165775401069,0.8937165775401069,0.6156825931082716
0.8350669767842529,0.7828278237790967,0.8050191198711407,1496.0,0.6156825931082716
0.8880729367126569,0.8937165775401069,0.8892333561911304,1496.0,0.6156825931082716
