precision,recall,f1-score,support,matthew
0.9184313725490196,0.9528071602929211,0.9353035143769969,1229.0,0.6105297035361495
0.7399103139013453,0.6133828996282528,0.6707317073170731,269.0,0.6105297035361495
0.8918558077436582,0.8918558077436582,0.8918558077436582,0.8918558077436582,0.6105297035361495
0.8291708432251825,0.783095029960587,0.803017610847035,1498.0,0.6105297035361495
0.8863738526717002,0.8918558077436582,0.8877936237901348,1498.0,0.6105297035361495
