precision,recall,f1-score,support,matthew
0.9379652605459057,0.9197080291970803,0.9287469287469288,1233.0,0.6201537535998216
0.6621160409556314,0.7211895910780669,0.6903914590747331,269.0,0.6201537535998216
0.8841544607190412,0.8841544607190412,0.8841544607190412,0.8841544607190412,0.6201537535998216
0.8000406507507685,0.8204488101375735,0.8095691939108309,1502.0,0.6201537535998216
0.8885621712850642,0.8841544607190412,0.8860587654035061,1502.0,0.6201537535998216
