precision,recall,f1-score,support,matthew
0.9076803723816912,0.9535452322738386,0.9300476947535771,1227.0,0.5670050262965869
0.7233009708737864,0.5559701492537313,0.6286919831223629,268.0,0.5670050262965869
0.8822742474916387,0.8822742474916387,0.8822742474916387,0.8822742474916387,0.5670050262965869
0.8154906716277388,0.754757690763785,0.77936983893797,1495.0,0.5670050262965869
0.874627743883953,0.8822742474916387,0.8760253999594865,1495.0,0.5670050262965869
