precision,recall,f1-score,support,matthew
0.9365210222588624,0.9243287225386493,0.9303849303849304,1229.0,0.6239886304638413
0.6736842105263158,0.7137546468401487,0.6931407942238267,269.0,0.6239886304638413
0.8865153538050734,0.8865153538050734,0.8865153538050734,0.8865153538050734,0.6239886304638413
0.8051026163925891,0.819041684689399,0.8117628623043786,1498.0,0.6239886304638413
0.8893226895779177,0.8865153538050734,0.8877823451864412,1498.0,0.6239886304638413
