precision,recall,f1-score,support,matthew
0.9274900398406375,0.9471114727420668,0.9371980676328503,1229.0,0.6338946254556818
0.7325102880658436,0.6617100371747212,0.6953125,269.0,0.6338946254556818
0.8958611481975968,0.8958611481975968,0.8958611481975968,0.8958611481975968,0.6338946254556818
0.8300001639532406,0.804410754958394,0.8162552838164252,1498.0,0.6338946254556818
0.8924769869518394,0.8958611481975968,0.8937620077575253,1498.0,0.6338946254556818
