precision,recall,f1-score,support,matthew
0.9388609715242882,0.9128664495114006,0.925681255161024,1228.0,0.6129744930945793
0.6468646864686468,0.7286245353159851,0.6853146853146853,269.0,0.6129744930945793
0.8797595190380761,0.8797595190380761,0.8797595190380761,0.8797595190380761,0.6129744930945793
0.7928628289964674,0.8207454924136929,0.8054979702378546,1497.0,0.6129744930945793
0.8863913651916445,0.8797595190380761,0.8824891327237059,1497.0,0.6129744930945793
