precision,recall,f1-score,support,matthew
0.9445843828715366,0.9183673469387755,0.931291390728477,1225.0,0.6431188048452646
0.66996699669967,0.7546468401486989,0.7097902097902098,269.0,0.6431188048452646
0.8888888888888888,0.8888888888888888,0.8888888888888888,0.8888888888888888,0.6431188048452646
0.8072756897856033,0.8365070935437372,0.8205408002593434,1494.0,0.6431188048452646
0.8951385482796812,0.8888888888888888,0.8914093173199136,1494.0,0.6431188048452646
