precision,recall,f1-score,support,matthew
0.9505541346973572,0.9079804560260586,0.9287796751353603,1228.0,0.6454910399523287
0.6512345679012346,0.7843866171003717,0.7116357504215852,269.0,0.6454910399523287
0.8857715430861723,0.8857715430861723,0.8857715430861723,0.8857715430861723,0.6454910399523287
0.8008943512992959,0.8461835365632151,0.8202077127784728,1497.0,0.6454910399523287
0.8967685879584413,0.8857715430861723,0.8897604929389638,1497.0,0.6454910399523287
