precision,recall,f1-score,support,matthew
0.94,0.9178193653376729,0.9287772745986002,1229.0,0.6240623964759971
0.6599326599326599,0.7313432835820896,0.6938053097345133,268.0,0.6240623964759971
0.884435537742151,0.884435537742151,0.884435537742151,0.884435537742151,0.6240623964759971
0.79996632996633,0.8245813244598812,0.8112912921665567,1497.0,0.6240623964759971
0.8898610239558803,0.884435537742151,0.8867114852976147,1497.0,0.6240623964759971
