precision,recall,f1-score,support,matthew
0.9250788643533123,0.9559902200488998,0.9402805611222446,1227.0,0.6441195690771224
0.7631578947368421,0.6468401486988847,0.7002012072434608,269.0,0.6441195690771224
0.9004010695187166,0.9004010695187166,0.9004010695187166,0.9004010695187166,0.6441195690771224
0.8441183795450773,0.8014151843738923,0.8202408841828527,1496.0,0.6441195690771224
0.8959633958861798,0.9004010695187166,0.8971112120624899,1496.0,0.6441195690771224
