precision,recall,f1-score,support,matthew
0.94843617920541,0.9144254278728606,0.9311203319502075,1227.0,0.649243198506949
0.6645367412140575,0.7732342007434945,0.7147766323024055,269.0,0.649243198506949
0.8890374331550802,0.8890374331550802,0.8890374331550802,0.8890374331550802,0.649243198506949
0.8064864602097337,0.8438298143081775,0.8229484821263064,1496.0,0.649243198506949
0.8973874166254141,0.8890374331550802,0.8922189581499009,1496.0,0.649243198506949
