precision,recall,f1-score,support,matthew
0.9434121621621622,0.908130081300813,0.9254349627174813,1230.0,0.6207577621064279
0.6412698412698413,0.7509293680297398,0.6917808219178083,269.0,0.6207577621064279
0.8799199466310874,0.8799199466310874,0.8799199466310874,0.8799199466310874,0.6207577621064279
0.7923410017160017,0.8295297246652764,0.8086078923176447,1499.0,0.6207577621064279
0.889191825724514,0.8799199466310874,0.8835050335146047,1499.0,0.6207577621064279
