precision,recall,f1-score,support,matthew
0.9185126582278481,0.9462102689486552,0.9321557607386591,1227.0,0.5976251241104618
0.7155172413793104,0.6171003717472119,0.6626746506986028,269.0,0.5976251241104618
0.8870320855614974,0.8870320855614974,0.8870320855614974,0.8870320855614974,0.5976251241104618
0.8170149498035792,0.7816553203479335,0.797415205718631,1496.0,0.5976251241104618
0.8820114769897086,0.8870320855614974,0.8836995985723656,1496.0,0.5976251241104618
