precision,recall,f1-score,support,matthew
0.9424520433694745,0.9186991869918699,0.9304240428159736,1230.0,0.6351019744849931
0.6666666666666666,0.7434944237918215,0.7029876977152899,269.0,0.6351019744849931
0.8872581721147431,0.8872581721147431,0.8872581721147431,0.8872581721147431,0.6351019744849931
0.8045593550180705,0.8310968053918457,0.8167058702656318,1499.0,0.6351019744849931
0.8929615388110653,0.8872581721147431,0.8896099155097135,1499.0,0.6351019744849931
