precision,recall,f1-score,support,matthew
0.9490818030050083,0.9236393176279447,0.9361877315767806,1231.0,0.6666950756296184
0.6887417218543046,0.7732342007434945,0.7285464098073555,269.0,0.6666950756296184
0.8966666666666666,0.8966666666666666,0.8966666666666666,0.8966666666666666,0.6666950756296184
0.8189117624296565,0.8484367591857196,0.8323670706920681,1500.0,0.6666950756296184
0.9023941484519821,0.8966666666666666,0.8989507212061303,1500.0,0.6666950756296184
