precision,recall,f1-score,support,matthew
0.9206225680933852,0.9617886178861789,0.940755467196819,1230.0,0.6378196841978304
0.7793427230046949,0.6194029850746269,0.6902286902286903,268.0,0.6378196841978304
0.9005340453938585,0.9005340453938585,0.9005340453938585,0.9005340453938585,0.6378196841978304
0.84998264554904,0.7905958014804029,0.8154920787127546,1498.0,0.6378196841978304
0.895346868170976,0.9005340453938585,0.8959349223186759,1498.0,0.6378196841978304
