precision,recall,f1-score,support,matthew
0.9408783783783784,0.9056910569105691,0.9229494614747307,1230.0,0.6079561971633032
0.6317460317460317,0.7397769516728625,0.6815068493150684,269.0,0.6079561971633032
0.875917278185457,0.875917278185457,0.875917278185457,0.875917278185457,0.6079561971633032
0.7863122050622051,0.8227340042917157,0.8022281553948996,1499.0,0.6079561971633032
0.8854036610707725,0.875917278185457,0.8796218679650916,1499.0,0.6079561971633032
