precision,recall,f1-score,support,matthew
0.9175824175824175,0.955846279640229,0.9363235883059672,1223.0,0.615485757617447
0.7522935779816514,0.6096654275092936,0.6735112936344969,269.0,0.615485757617447
0.8934316353887399,0.8934316353887399,0.8934316353887399,0.8934316353887399,0.615485757617447
0.8349379977820345,0.7827558535747613,0.804917440970232,1492.0,0.615485757617447
0.887781681756274,0.8934316353887399,0.8889398702988455,1492.0,0.615485757617447
