precision,recall,f1-score,support,matthew
0.9429530201342282,0.9153094462540716,0.9289256198347108,1228.0,0.6315200581336468
0.659016393442623,0.7472118959107806,0.7003484320557491,269.0,0.6315200581336468
0.8851035404141616,0.8851035404141616,0.8851035404141616,0.8851035404141616,0.6315200581336468
0.8009847067884256,0.8312606710824262,0.81463702594523,1497.0,0.6315200581336468
0.8919316757253827,0.8851035404141616,0.8878519635137083,1497.0,0.6315200581336468
