precision,recall,f1-score,support,matthew
0.9510135135135135,0.9191836734693878,0.9348277293482773,1225.0,0.666645541028097
0.6806451612903226,0.7843866171003717,0.7288428324697755,269.0,0.666645541028097
0.8949129852744311,0.8949129852744311,0.8949129852744311,0.8949129852744311,0.666645541028097
0.8158293374019181,0.8517851452848797,0.8318352809090264,1494.0,0.666645541028097
0.9023327325576644,0.8949129852744311,0.8977394179290559,1494.0,0.666645541028097
