precision,recall,f1-score,support,matthew
0.9189399844115355,0.9577579203899269,0.9379474940334129,1231.0,0.6228811269155543
0.7603686635944701,0.6133828996282528,0.6790123456790124,269.0,0.6228811269155543
0.896,0.896,0.896,0.896,0.6228811269155543
0.8396543240030028,0.7855704100090899,0.8084799198562127,1500.0,0.6228811269155543
0.8905028608783416,0.896,0.891511790761857,1500.0,0.6228811269155543
