precision,recall,f1-score,support,matthew
0.9154929577464789,0.9551020408163265,0.9348781462245306,1225.0,0.6035063963951587
0.7441860465116279,0.5970149253731343,0.6625258799171843,268.0,0.6035063963951587
0.8908238446081714,0.8908238446081714,0.8908238446081714,0.8908238446081714,0.6035063963951587
0.8298395021290534,0.7760584830947304,0.7987020130708574,1493.0,0.6035063963951587
0.8847426213694258,0.8908238446081714,0.8859897286958175,1493.0,0.6035063963951587
