precision,recall,f1-score,support,matthew
0.9415692821368948,0.9163281884646629,0.9287772745986003,1231.0,0.62769219161492
0.6589403973509934,0.7397769516728625,0.6970227670753064,269.0,0.62769219161492
0.8846666666666667,0.8846666666666667,0.8846666666666667,0.8846666666666667,0.62769219161492
0.8002548397439442,0.8280525700687627,0.8129000208369533,1500.0,0.62769219161492
0.8908845021319565,0.8846666666666667,0.8872159662494229,1500.0,0.62769219161492
