precision,recall,f1-score,support,matthew
0.9375520399666945,0.9176854115729421,0.9275123558484349,1227.0,0.6155348239727605
0.6564625850340136,0.7201492537313433,0.6868327402135231,268.0,0.6155348239727605
0.8822742474916387,0.8822742474916387,0.8822742474916387,0.8822742474916387,0.6155348239727605
0.7970073125003541,0.8189173326521427,0.807172548030979,1495.0,0.6155348239727605
0.8871627597513376,0.8822742474916387,0.8843671137145511,1495.0,0.6155348239727605
