precision,recall,f1-score,support,matthew
0.9441151566469094,0.9094616639477977,0.9264644786040713,1226.0,0.6262830296138169
0.6464968152866242,0.7546468401486989,0.6963979416809605,269.0,0.6262830296138169
0.8816053511705686,0.8816053511705686,0.8816053511705686,0.8816053511705686,0.6262830296138169
0.7953059859667668,0.8320542520482483,0.8114312101425158,1495.0,0.6262830296138169
0.8905637627834199,0.8816053511705686,0.8850678910239264,1495.0,0.6262830296138169
