precision,recall,f1-score,support,matthew
0.9233201581027668,0.9519152404237978,0.9373996789727127,1227.0,0.6284490349121712
0.7445887445887446,0.6394052044609665,0.688,269.0,0.6284490349121712
0.8957219251336899,0.8957219251336899,0.8957219251336899,0.8957219251336899,0.6284490349121712
0.8339544513457557,0.7956602224423821,0.8126998394863563,1496.0,0.6284490349121712
0.8911819560738418,0.8957219251336899,0.8925544158419241,1496.0,0.6284490349121712
