precision,recall,f1-score,support,matthew
0.9384871155444722,0.9208809135399674,0.9296006587072869,1226.0,0.6257301635014542
0.6678082191780822,0.724907063197026,0.6951871657754012,269.0,0.6257301635014542
0.88561872909699,0.88561872909699,0.88561872909699,0.88561872909699,0.6257301635014542
0.8031476673612772,0.8228939883684967,0.812393912241344,1495.0,0.6257301635014542
0.889783019810319,0.88561872909699,0.8874219098118507,1495.0,0.6257301635014542
