precision,recall,f1-score,support,matthew
0.9147104851330203,0.9519543973941368,0.9329608938547486,1228.0,0.5925963967448806
0.7293577981651376,0.5932835820895522,0.6543209876543209,268.0,0.5925963967448806
0.8877005347593583,0.8877005347593583,0.8877005347593583,0.8877005347593583,0.5925963967448806
0.822034141649079,0.7726189897418445,0.7936409407545347,1496.0,0.5925963967448806
0.8815055920131056,0.8877005347593583,0.8830441192145649,1496.0,0.5925963967448806
