precision,recall,f1-score,support,matthew
0.9455155071248952,0.9223221586263287,0.9337748344370861,1223.0,0.653703290899878
0.6822742474916388,0.758364312267658,0.7183098591549296,269.0,0.653703290899878
0.8927613941018767,0.8927613941018767,0.8927613941018767,0.8927613941018767,0.653703290899878
0.813894877308267,0.8403432354469933,0.8260423467960079,1492.0,0.653703290899878
0.8980544489202398,0.8927613941018767,0.8949275969364828,1492.0,0.653703290899878
