precision,recall,f1-score,support,matthew
0.9221604447974583,0.9454397394136808,0.933655006031363,1228.0,0.6101623221756838
0.7184873949579832,0.6356877323420075,0.6745562130177515,269.0,0.6101623221756838
0.8897795591182365,0.8897795591182365,0.8897795591182365,0.8897795591182365,0.6101623221756838
0.8203239198777208,0.7905637358778441,0.8041056095245572,1497.0,0.6101623221756838
0.885561880731447,0.8897795591182365,0.887096839484495,1497.0,0.6101623221756838
