precision,recall,f1-score,support,matthew
0.9164715066354411,0.9560260586319218,0.9358310083698685,1228.0,0.6099689160698123
0.75,0.6022304832713755,0.6680412371134022,269.0,0.6099689160698123
0.8924515698062793,0.8924515698062793,0.8924515698062793,0.8924515698062793,0.6099689160698123
0.8332357533177206,0.7791282709516487,0.8019361227416354,1497.0,0.6099689160698123
0.8865577890102349,0.8924515698062793,0.8877111363137633,1497.0,0.6099689160698123
