precision,recall,f1-score,support,matthew
0.9461732548359967,0.9161237785016286,0.9309060819197351,1228.0,0.6441253412331156
0.6655844155844156,0.7620817843866171,0.710571923743501,269.0,0.6441253412331156
0.8884435537742151,0.8884435537742151,0.8884435537742151,0.8884435537742151,0.6441253412331156
0.8058788352102062,0.8391027814441229,0.820739002831618,1497.0,0.6441253412331156
0.8957534834541161,0.8884435537742151,0.8913136379989556,1497.0,0.6441253412331156
