precision,recall,f1-score,support,matthew
0.9442567567567568,0.9111654441727791,0.9274160099543757,1227.0,0.6293570142900206
0.6506410256410257,0.7546468401486989,0.6987951807228916,269.0,0.6293570142900206
0.8830213903743316,0.8830213903743316,0.8830213903743316,0.8830213903743316,0.6293570142900206
0.7974488911988913,0.832906142160739,0.8131055953386337,1496.0,0.6293570142900206
0.8914608799719094,0.8830213903743316,0.8863070506874845,1496.0,0.6293570142900206
