precision,recall,f1-score,support,matthew
0.9142634450506625,0.9583333333333334,0.9357798165137615,1224.0,0.6059844760613693
0.7559808612440191,0.5895522388059702,0.6624737945492662,268.0,0.6059844760613693
0.8920911528150134,0.8920911528150134,0.8920911528150134,0.8920911528150134,0.6059844760613693
0.8351221531473407,0.7739427860696517,0.7991268055315139,1492.0,0.6059844760613693
0.8858319889781555,0.8920911528150134,0.886687313908879,1492.0,0.6059844760613693
