precision,recall,f1-score,support,matthew
0.9189614476789929,0.9495934959349593,0.9340263894442222,1230.0,0.6055318761363266
0.7280701754385965,0.6171003717472119,0.6680080482897384,269.0,0.6055318761363266
0.8899266177451635,0.8899266177451635,0.8899266177451635,0.8899266177451635,0.6055318761363266
0.8235158115587947,0.7833469338410857,0.8010172188669803,1499.0,0.6055318761363266
0.8847054421868872,0.8899266177451635,0.8862886084098285,1499.0,0.6055318761363266
