precision,recall,f1-score,support,matthew
0.9480301760268232,0.9187652315190902,0.9331683168316833,1231.0,0.6544585468984027
0.6742671009771987,0.7695167286245354,0.71875,269.0,0.6544585468984027
0.892,0.892,0.892,0.892,0.6544585468984027
0.8111486385020109,0.8441409800718127,0.8259591584158417,1500.0,0.6544585468984027
0.8989353312345905,0.892,0.8947159653465347,1500.0,0.6544585468984027
