precision,recall,f1-score,support,matthew
0.9295436349079264,0.9477551020408164,0.9385610347615199,1225.0,0.6440268582766252
0.7387755102040816,0.6728624535315985,0.7042801556420234,269.0,0.6440268582766252
0.8982597054886211,0.8982597054886211,0.8982597054886211,0.8982597054886211,0.6440268582766252
0.834159572556004,0.8103087777862075,0.8214205952017717,1494.0,0.6440268582766252
0.8951951573006075,0.8982597054886211,0.8963779313591473,1494.0,0.6440268582766252
