precision,recall,f1-score,support,matthew
0.9476793248945148,0.9159869494290375,0.9315636665284115,1226.0,0.6495179270364668
0.667741935483871,0.7695167286245354,0.7150259067357513,269.0,0.6495179270364668
0.8896321070234113,0.8896321070234113,0.8896321070234113,0.8896321070234113,0.6495179270364668
0.8077106301891929,0.8427518390267864,0.8232947866320814,1495.0,0.6495179270364668
0.8973093197095895,0.8896321070234113,0.8926013538968225,1495.0,0.6495179270364668
