precision,recall,f1-score,support,matthew
0.9146436961628818,0.9488220958570268,0.9314194577352473,1231.0,0.5862067610074883
0.7174887892376681,0.5947955390334573,0.6504065040650406,269.0,0.5862067610074883
0.8853333333333333,0.8853333333333333,0.8853333333333333,0.8853333333333333,0.5862067610074883
0.816066242700275,0.771808817445242,0.790912980900144,1500.0,0.5862067610074883
0.87928724952096,0.8853333333333333,0.8810244680437236,1500.0,0.5862067610074883
