precision,recall,f1-score,support,matthew
0.9181240063593005,0.9405537459283387,0.9292035398230089,1228.0,0.5845221401325612
0.694560669456067,0.6171003717472119,0.6535433070866141,269.0,0.5845221401325612
0.8824315297261189,0.8824315297261189,0.8824315297261189,0.8824315297261189,0.5845221401325612
0.8063423379076837,0.7788270588377753,0.7913734234548115,1497.0,0.5845221401325612
0.8779513025336695,0.8824315297261189,0.8796694031455939,1497.0,0.5845221401325612
