precision,recall,f1-score,support,matthew
0.9471476510067114,0.9201303993480032,0.9334435717238527,1227.0,0.6536664072560777
0.6765676567656765,0.7649253731343284,0.7180385288966725,268.0,0.6536664072560777
0.8923076923076924,0.8923076923076924,0.8923076923076924,0.8923076923076924,0.6536664072560777
0.8118576538861939,0.8425278862411658,0.8257410503102627,1495.0,0.6536664072560777
0.8986423410022985,0.8923076923076924,0.894829156019716,1495.0,0.6536664072560777
