precision,recall,f1-score,support,matthew
0.9150943396226415,0.9463414634146341,0.9304556354916067,1230.0,0.5818445294036779
0.7079646017699115,0.5970149253731343,0.6477732793522267,268.0,0.5818445294036779
0.8838451268357811,0.8838451268357811,0.8838451268357811,0.8838451268357811,0.5818445294036779
0.8115294706962766,0.7716781943938842,0.7891144574219167,1498.0,0.5818445294036779
0.8780377510081343,0.8838451268357811,0.8798822900674721,1498.0,0.5818445294036779
