precision,recall,f1-score,support,matthew
0.9111635220125787,0.9453507340946167,0.9279423538831065,1226.0,0.5663869837185711
0.6995515695067265,0.5799256505576208,0.6341463414634146,269.0,0.5663869837185711
0.8795986622073578,0.8795986622073578,0.8795986622073578,0.8795986622073578,0.5663869837185711
0.8053575457596526,0.7626381923261187,0.7810443476732606,1495.0,0.5663869837185711
0.8730875252071778,0.8795986622073578,0.8750787235547473,1495.0,0.5663869837185711
