precision,recall,f1-score,support,matthew
0.9175911251980983,0.9429967426710097,0.9301204819277109,1228.0,0.5871958070336454
0.7021276595744681,0.6133828996282528,0.6547619047619048,269.0,0.5871958070336454
0.8837675350701403,0.8837675350701403,0.8837675350701403,0.8837675350701403,0.5871958070336454
0.8098593923862831,0.7781898211496312,0.7924411933448079,1497.0,0.5871958070336454
0.8788739092643931,0.8837675350701403,0.8806405505599073,1497.0,0.5871958070336454
