precision,recall,f1-score,support,matthew
0.9480408858603067,0.9048780487804878,0.9259567387687189,1230.0,0.6304820730969224
0.6388888888888888,0.7723880597014925,0.6993243243243242,268.0,0.6304820730969224
0.8811748998664887,0.8811748998664887,0.8811748998664887,0.8811748998664887,0.6304820730969224
0.7934648873745977,0.8386330542409901,0.8126405315465215,1498.0,0.6304820730969224
0.8927319838654202,0.8811748998664887,0.8854110197626456,1498.0,0.6304820730969224
