precision,recall,f1-score,support,matthew
0.9442595673876872,0.9242671009771987,0.9341563786008231,1228.0,0.6506877809782401
0.6836734693877551,0.75,0.7153024911032029,268.0,0.6506877809782401
0.893048128342246,0.893048128342246,0.893048128342246,0.893048128342246,0.6506877809782401
0.8139665183877212,0.8371335504885993,0.824729434852013,1496.0,0.6506877809782401
0.8975770311149721,0.893048128342246,0.894949933514351,1496.0,0.6506877809782401
