precision,recall,f1-score,support,matthew
0.9421965317919075,0.9261363636363636,0.9340974212034383,1232.0,0.6468865513519286
0.6862068965517242,0.7397769516728625,0.7119856887298749,269.0,0.6468865513519286
0.8927381745502998,0.8927381745502998,0.8927381745502998,0.8927381745502998,0.6468865513519286
0.8142017141718159,0.832956657654613,0.8230415549666565,1501.0,0.6468865513519286
0.8963196417988301,0.8927381745502998,0.8942919208467504,1501.0,0.6468865513519286
