precision,recall,f1-score,support,matthew
0.9417152373022482,0.9225122349102773,0.9320148331273176,1226.0,0.6400646914459446
0.6768707482993197,0.7397769516728625,0.7069271758436945,269.0,0.6400646914459446
0.8896321070234113,0.8896321070234113,0.8896321070234113,0.8896321070234113,0.6400646914459446
0.8092929928007839,0.83114459329157,0.819471004485506,1495.0,0.6400646914459446
0.8940609446321561,0.8896321070234113,0.8915141108468528,1495.0,0.6400646914459446
