precision,recall,f1-score,support,matthew
0.9395695364238411,0.9220146222583265,0.9307093070930711,1231.0,0.6304061924880451
0.6712328767123288,0.7286245353159851,0.6987522281639929,269.0,0.6304061924880451
0.8873333333333333,0.8873333333333333,0.8873333333333333,0.8873333333333333,0.6304061924880451
0.8054012065680849,0.8253195787871559,0.814730767628532,1500.0,0.6304061924880451
0.8914478287822432,0.8873333333333333,0.8891116709384564,1500.0,0.6304061924880451
