precision,recall,f1-score,support,matthew
0.9216914643696162,0.9592502037489813,0.9400958466453674,1227.0,0.6382502563413397
0.771689497716895,0.6282527881040892,0.6926229508196722,269.0,0.6382502563413397
0.8997326203208557,0.8997326203208557,0.8997326203208557,0.8997326203208557,0.6382502563413397
0.8466904810432556,0.7937514959265353,0.8163593987325197,1496.0,0.6382502563413397
0.8947191856065265,0.8997326203208557,0.8955970438531801,1496.0,0.6382502563413397
