precision,recall,f1-score,support,matthew
0.9446308724832215,0.9169381107491856,0.9305785123966942,1228.0,0.6401595544784466
0.6655737704918033,0.7546468401486989,0.7073170731707317,269.0,0.6401595544784466
0.8877755511022044,0.8877755511022044,0.8877755511022044,0.8877755511022044,0.6401595544784466
0.8051023214875124,0.8357924754489423,0.818947792783713,1497.0,0.6401595544784466
0.8944863431340623,0.8877755511022044,0.8904600573854824,1497.0,0.6401595544784466
