precision,recall,f1-score,support,matthew
0.9186864738076622,0.9584013050570962,0.93812375249501,1226.0,0.624728589787006
0.7638888888888888,0.6133828996282528,0.6804123711340205,269.0,0.624728589787006
0.8963210702341137,0.8963210702341137,0.8963210702341137,0.8963210702341137,0.624728589787006
0.8412876813482755,0.7858921023426745,0.8092680618145153,1495.0,0.624728589787006
0.8908332628757892,0.8963210702341137,0.8917529420695209,1495.0,0.624728589787006
