precision,recall,f1-score,support,matthew
0.928,0.943089430894309,0.9354838709677419,1230.0,0.6262098365480374
0.717741935483871,0.664179104477612,0.689922480620155,268.0,0.6262098365480374
0.8931909212283045,0.8931909212283045,0.8931909212283045,0.8931909212283045,0.6262098365480374
0.8228709677419355,0.8036342676859605,0.8127031757939485,1498.0,0.6262098365480374
0.8903837374563935,0.8931909212283045,0.8915516596104966,1498.0,0.6262098365480374
