precision,recall,f1-score,support,matthew
0.9162754303599374,0.954360228198859,0.9349301397205588,1227.0,0.6058159483022173
0.7431192660550459,0.6022304832713755,0.6652977412731006,269.0,0.6058159483022173
0.891042780748663,0.891042780748663,0.891042780748663,0.891042780748663,0.6058159483022173
0.8296973482074916,0.7782953557351173,0.8001139404968297,1496.0,0.6058159483022173
0.8851397296928144,0.891042780748663,0.8864467739569449,1496.0,0.6058159483022173
