precision,recall,f1-score,support,matthew
0.9204988308651598,0.9578264395782644,0.9387917329093799,1233.0,0.6286862466454206
0.7625570776255708,0.620817843866171,0.6844262295081966,269.0,0.6286862466454206
0.8974700399467377,0.8974700399467377,0.8974700399467377,0.8974700399467377,0.6286862466454206
0.8415279542453653,0.7893221417222177,0.8116089812087883,1502.0,0.6286862466454206
0.8922123251251801,0.8974700399467377,0.8932362599300735,1502.0,0.6286862466454206
