precision,recall,f1-score,support,matthew
0.9187056037884768,0.9471114727420668,0.9326923076923077,1229.0,0.5996529618317653
0.7186147186147186,0.6171003717472119,0.664,269.0,0.5996529618317653
0.8878504672897196,0.8878504672897196,0.8878504672897196,0.8878504672897196,0.5996529618317653
0.8186601612015977,0.7821059222446394,0.7983461538461538,1498.0,0.5996529618317653
0.8827747305496644,0.8878504672897196,0.8844424874191229,1498.0,0.5996529618317653
