precision,recall,f1-score,support,matthew
0.9223529411764706,0.9592169657422512,0.940423830467813,1226.0,0.6410324043924153
0.7727272727272727,0.6319702602230484,0.6952965235173825,269.0,0.6410324043924153
0.9003344481605351,0.9003344481605351,0.9003344481605351,0.9003344481605351,0.6410324043924153
0.8475401069518717,0.7955936129826497,0.8178601769925977,1495.0,0.6410324043924153
0.8954303292615312,0.9003344481605351,0.8963173116921168,1495.0,0.6410324043924153
