precision,recall,f1-score,support,matthew
0.9203747072599532,0.9593165174938975,0.9394422310756972,1229.0,0.6314079069392015
0.7685185185185185,0.6194029850746269,0.6859504132231405,268.0,0.6314079069392015
0.8984635938543755,0.8984635938543755,0.8984635938543755,0.8984635938543755,0.6314079069392015
0.8444466128892358,0.7893597512842622,0.8126963221494189,1497.0,0.6314079069392015
0.8931886961826623,0.8984635938543755,0.8940609303512582,1497.0,0.6314079069392015
