precision,recall,f1-score,support,matthew
0.9507221750212405,0.909017059301381,0.9294019933554817,1231.0,0.6461929413424454
0.6521739130434783,0.7835820895522388,0.7118644067796611,268.0,0.6461929413424454
0.8865910607071381,0.8865910607071381,0.8865910607071381,0.8865910607071381,0.6461929413424454
0.8014480440323594,0.8462995744268099,0.8206332000675713,1499.0,0.6461929413424454
0.8973459680765838,0.8865910607071381,0.8905093494580034,1499.0,0.6461929413424454
