precision,recall,f1-score,support,matthew
0.9386038687973086,0.9080553295362083,0.923076923076923,1229.0,0.6039528428177132
0.6343042071197411,0.7286245353159851,0.6782006920415224,269.0,0.6039528428177132
0.8758344459279038,0.8758344459279038,0.8758344459279038,0.8758344459279038,0.6039528428177132
0.7864540379585249,0.8183399324260967,0.8006388075592228,1498.0,0.6039528428177132
0.8839599375614837,0.8758344459279038,0.8791038215091508,1498.0,0.6039528428177132
