precision,recall,f1-score,support,matthew
0.9418212478920742,0.9103504482477588,0.9258184832159138,1227.0,0.618452888183651
0.6440129449838188,0.7425373134328358,0.6897746967071058,268.0,0.618452888183651
0.8802675585284281,0.8802675585284281,0.8802675585284281,0.8802675585284281,0.618452888183651
0.7929170964379465,0.8264438808402973,0.8077965899615098,1495.0,0.618452888183651
0.8884348765346077,0.8802675585284281,0.8835042793467762,1495.0,0.618452888183651
