precision,recall,f1-score,support,matthew
0.9239904988123515,0.9518760195758564,0.9377259943752511,1226.0,0.6312359451602378
0.7456896551724138,0.6431226765799256,0.6906187624750498,269.0,0.6312359451602378
0.8963210702341137,0.8963210702341137,0.8963210702341137,0.8963210702341137,0.6312359451602378
0.8348400769923827,0.797499348077891,0.8141723784251504,1495.0,0.6312359451602378
0.8919082734349981,0.8963210702341137,0.8932632215450477,1495.0,0.6312359451602378
