precision,recall,f1-score,support,matthew
0.9169960474308301,0.9438567941415785,0.9302325581395349,1229.0,0.5862244378998891
0.703862660944206,0.6096654275092936,0.6533864541832669,269.0,0.5862244378998891
0.8838451268357811,0.8838451268357811,0.8838451268357811,0.8838451268357811,0.5862244378998891
0.810429354187518,0.7767611108254361,0.7918095061614009,1498.0,0.5862244378998891
0.8787230961859023,0.8838451268357811,0.880518538136707,1498.0,0.5862244378998891
