precision,recall,f1-score,support,matthew
0.9230769230769231,0.9486552567237164,0.9356913183279744,1227.0,0.6206245159492447
0.7319148936170212,0.6394052044609665,0.6825396825396824,269.0,0.6206245159492447
0.893048128342246,0.893048128342246,0.893048128342246,0.893048128342246,0.6206245159492447
0.8274959083469722,0.7940302305923415,0.8091155004338284,1496.0,0.6206245159492447
0.8887035367636119,0.893048128342246,0.8901714052082882,1496.0,0.6206245159492447
