precision,recall,f1-score,support,matthew
0.939469320066335,0.9218877135882831,0.9305954825462013,1229.0,0.6302929949136873
0.6712328767123288,0.7286245353159851,0.6987522281639929,269.0,0.6302929949136873
0.8871829105473965,0.8871829105473965,0.8871829105473965,0.8871829105473965,0.6302929949136873
0.8053510983893319,0.8252561244521341,0.8146738553550971,1498.0,0.6302929949136873
0.8913013606122444,0.8871829105473965,0.8889627486150837,1498.0,0.6302929949136873
