precision,recall,f1-score,support,matthew
0.9367194004995837,0.9183673469387755,0.9274525968672712,1225.0,0.6141851954511319
0.6575342465753424,0.7164179104477612,0.6857142857142857,268.0,0.6141851954511319
0.8821165438713998,0.8821165438713998,0.8821165438713998,0.8821165438713998,0.6141851954511319
0.7971268235374631,0.8173926286932683,0.8065834412907784,1493.0,0.6141851954511319
0.8866044498956341,0.8821165438713998,0.8840595175712228,1493.0,0.6141851954511319
