precision,recall,f1-score,support,matthew
0.9563729683490163,0.9096826688364524,0.932443703085905,1229.0,0.6676281132274817
0.662613981762918,0.8104089219330854,0.7290969899665551,269.0,0.6676281132274817
0.8918558077436582,0.8918558077436582,0.8918558077436582,0.8918558077436582,0.6676281132274817
0.8094934750559671,0.8600457953847689,0.83077034652623,1498.0,0.6676281132274817
0.9036218552704712,0.8918558077436582,0.8959281718248201,1498.0,0.6676281132274817
