precision,recall,f1-score,support,matthew
0.9443059019118869,0.9250814332247557,0.9345948169477581,1228.0,0.6533147743855311
0.6870748299319728,0.7509293680297398,0.7175843694493782,269.0,0.6533147743855311
0.8937875751503006,0.8937875751503006,0.8937875751503006,0.8937875751503006,0.6533147743855311
0.8156903659219299,0.8380054006272477,0.8260895931985681,1497.0,0.6533147743855311
0.8980833512354695,0.8937875751503006,0.89559961963509,1497.0,0.6533147743855311
