precision,recall,f1-score,support,matthew
0.9224745497259201,0.9592833876221498,0.9405189620758483,1228.0,0.6411244914321087
0.7727272727272727,0.6319702602230484,0.6952965235173825,269.0,0.6411244914321087
0.9004676018704075,0.9004676018704075,0.9004676018704075,0.9004676018704075,0.6411244914321087
0.8476009112265964,0.7956268239225991,0.8179077427966154,1497.0,0.6411244914321087
0.8955660543934979,0.9004676018704075,0.8964542753876537,1497.0,0.6411244914321087
