precision,recall,f1-score,support,matthew
0.9406850459482038,0.9176854115729421,0.929042904290429,1227.0,0.6278039732977885
0.6622073578595318,0.7360594795539034,0.6971830985915494,269.0,0.6278039732977885
0.8850267379679144,0.8850267379679144,0.8850267379679144,0.8850267379679144,0.6278039732977885
0.8014462019038677,0.8268724455634228,0.8131130014409892,1496.0,0.6278039732977885
0.890611183584666,0.8850267379679144,0.8873515354849486,1496.0,0.6278039732977885
