precision,recall,f1-score,support,matthew
0.916403785488959,0.9477977161500816,0.9318364073777065,1226.0,0.5927330781547383
0.7180616740088106,0.6059479553903345,0.6572580645161291,269.0,0.5927330781547383
0.8862876254180602,0.8862876254180602,0.8862876254180602,0.8862876254180602,0.5927330781547383
0.8172327297488848,0.776872835770208,0.7945472359469178,1495.0,0.5927330781547383
0.8807154724534005,0.8862876254180602,0.882430672106961,1495.0,0.5927330781547383
