precision,recall,f1-score,support,matthew
0.9222309505106049,0.9575856443719413,0.9395758303321329,1226.0,0.636877167452797
0.7657657657657657,0.6319702602230484,0.6924643584521385,269.0,0.636877167452797
0.8989966555183947,0.8989966555183947,0.8989966555183947,0.8989966555183947,0.636877167452797
0.8439983581381854,0.7947779522974948,0.8160200943921356,1495.0,0.636877167452797
0.8940776831551789,0.8989966555183947,0.8951122945891774,1495.0,0.636877167452797
