precision,recall,f1-score,support,matthew
0.9131455399061033,0.9511002444987775,0.9317365269461079,1227.0,0.5860826586901088
0.7247706422018348,0.587360594795539,0.648870636550308,269.0,0.5860826586901088
0.8856951871657754,0.8856951871657754,0.8856951871657754,0.8856951871657754,0.5860826586901088
0.8189580910539691,0.7692304196471582,0.7903035817482079,1496.0,0.5860826586901088
0.8792733156531299,0.8856951871657754,0.8808736094885744,1496.0,0.5860826586901088
