precision,recall,f1-score,support,matthew
0.9411764705882353,0.9113100081366965,0.9260024803637866,1229.0,0.6183612119994452
0.6461038961038961,0.7397769516728625,0.6897746967071057,269.0,0.6183612119994452
0.8805073431241656,0.8805073431241656,0.8805073431241656,0.8805073431241656,0.6183612119994452
0.7936401833460657,0.8255434799047795,0.8078885885354461,1498.0,0.6183612119994452
0.8881894729004601,0.8805073431241656,0.8835824043933946,1498.0,0.6183612119994452
