precision,recall,f1-score,support,matthew
0.9152941176470588,0.9518760195758564,0.9332267093162735,1226.0,0.5954174364934262
0.730593607305936,0.5970149253731343,0.6570841889117043,268.0,0.5954174364934262
0.8882195448460509,0.8882195448460509,0.8882195448460509,0.8882195448460509,0.5954174364934262
0.8229438624764974,0.7744454724744954,0.7951554491139889,1494.0,0.5954174364934262
0.8821617637170582,0.8882195448460509,0.8836911032463776,1494.0,0.5954174364934262
