precision,recall,f1-score,support,matthew
0.9178294573643411,0.9626016260162602,0.9396825396825397,1230.0,0.6298382643339316
0.7799043062200957,0.6059479553903345,0.6820083682008369,269.0,0.6298382643339316
0.8985990660440294,0.8985990660440294,0.8985990660440294,0.8985990660440294,0.6298382643339316
0.8488668817922184,0.7842747907032974,0.8108454539416883,1499.0,0.6298382643339316
0.8930783795405907,0.8985990660440294,0.8934421446668106,1499.0,0.6298382643339316
