precision,recall,f1-score,support,matthew
0.9237490071485306,0.9470684039087948,0.9352633695215119,1228.0,0.6196787756572768
0.726890756302521,0.6431226765799256,0.6824457593688363,269.0,0.6196787756572768
0.8924515698062793,0.8924515698062793,0.8924515698062793,0.8924515698062793,0.6196787756572768
0.8253198817255258,0.7950955402443602,0.8088545644451741,1497.0,0.6196787756572768
0.8883750128415321,0.8924515698062793,0.8898338858000224,1497.0,0.6196787756572768
