precision,recall,f1-score,support,matthew
0.946843853820598,0.9290953545232273,0.9378856437679967,1227.0,0.6697043461131924
0.702054794520548,0.7620817843866171,0.7308377896613191,269.0,0.6697043461131924
0.8990641711229946,0.8990641711229946,0.8990641711229946,0.8990641711229946,0.6697043461131924
0.824449324170573,0.8455885694549222,0.8343617167146579,1496.0,0.6697043461131924
0.9028276392806827,0.8990641711229946,0.9006557823009537,1496.0,0.6697043461131924
