precision,recall,f1-score,support,matthew
0.9435075885328836,0.9112377850162866,0.9270919635459818,1228.0,0.6256062105473089
0.6483870967741936,0.75,0.6955017301038062,268.0,0.6256062105473089
0.8823529411764706,0.8823529411764706,0.8823529411764706,0.8823529411764706,0.6256062105473089
0.7959473426535386,0.8306188925081432,0.811296846824894,1496.0,0.6256062105473089
0.8906384095279846,0.8823529411764706,0.8856038735977845,1496.0,0.6256062105473089
