precision,recall,f1-score,support,matthew
0.9437086092715232,0.9260763606823721,0.934809348093481,1231.0,0.6523509711100135
0.6883561643835616,0.7472118959107806,0.7165775401069517,269.0,0.6523509711100135
0.894,0.894,0.894,0.894,0.6523509711100135
0.8160323868275424,0.8366441282965764,0.8256934441002164,1500.0,0.6523509711100135
0.8979154041549487,0.894,0.8956731105278968,1500.0,0.6523509711100135
