precision,recall,f1-score,support,matthew
0.919457735247209,0.9389250814332247,0.9290894439967767,1228.0,0.5853186364338333
0.6900826446280992,0.6231343283582089,0.6549019607843137,268.0,0.5853186364338333
0.8823529411764706,0.8823529411764706,0.8823529411764706,0.8823529411764706,0.5853186364338333
0.804770189937654,0.7810297048957169,0.7919957023905453,1496.0,0.5853186364338333
0.8783664756977962,0.8823529411764706,0.8799702959346509,1496.0,0.5853186364338333
