precision,recall,f1-score,support,matthew
0.948566610455312,0.9176182707993474,0.9328358208955223,1226.0,0.6553678105520295
0.6731391585760518,0.7732342007434945,0.7197231833910036,269.0,0.6553678105520295
0.8916387959866221,0.8916387959866221,0.8916387959866221,0.8916387959866221,0.6553678105520295
0.8108528845156819,0.845426235771421,0.826279502143263,1495.0,0.6553678105520295
0.8990080923579735,0.8916387959866221,0.8944898011706289,1495.0,0.6553678105520295
