precision,recall,f1-score,support,matthew
0.91593973037272,0.9390243902439024,0.9273384183059012,1230.0,0.5722122337497513
0.6848739495798319,0.6059479553903345,0.6429980276134122,269.0,0.5722122337497513
0.8792528352234823,0.8792528352234823,0.8792528352234823,0.8792528352234823,0.5722122337497513
0.800406839976276,0.7724861728171184,0.7851682229596567,1499.0,0.5722122337497513
0.874474290056985,0.8792528352234823,0.8763126910902378,1499.0,0.5722122337497513
