precision,recall,f1-score,support,matthew
0.9455611390284757,0.9201303993480032,0.932672449401074,1227.0,0.6491413187816574
0.6754966887417219,0.758364312267658,0.7145359019264448,269.0,0.6491413187816574
0.891042780748663,0.891042780748663,0.891042780748663,0.891042780748663,0.6491413187816574
0.8105289138850988,0.8392473558078306,0.8236041756637593,1496.0,0.6491413187816574
0.8970000847991063,0.891042780748663,0.8934486985516922,1496.0,0.6491413187816574
