precision,recall,f1-score,support,matthew
0.9480626545754328,0.9364820846905537,0.9422367882015568,1228.0,0.68769660892479
0.7253521126760564,0.7657992565055762,0.7450271247739602,269.0,0.68769660892479
0.905811623246493,0.905811623246493,0.905811623246493,0.905811623246493,0.68769660892479
0.8367073836257446,0.851140670598065,0.8436319564877585,1497.0,0.68769660892479
0.9080431918025988,0.905811623246493,0.9067996476123628,1497.0,0.68769660892479
