precision,recall,f1-score,support,matthew
0.9473684210526315,0.9219512195121952,0.934487021013597,1230.0,0.6579744787375518
0.6821192052980133,0.7657992565055762,0.7215411558669002,269.0,0.6579744787375518
0.8939292861907938,0.8939292861907938,0.8939292861907938,0.8939292861907938,0.6579744787375518
0.8147438131753224,0.8438752380088856,0.8280140884402486,1499.0,0.6579744787375518
0.8997686618545045,0.8939292861907938,0.8962732533521819,1499.0,0.6579744787375518
