precision,recall,f1-score,support,matthew
0.9442595673876872,0.9235150528885273,0.9337721102426985,1229.0,0.6501299277165998
0.6824324324324325,0.7509293680297398,0.7150442477876107,269.0,0.6501299277165998
0.8925233644859814,0.8925233644859814,0.8925233644859814,0.8925233644859814,0.6501299277165998
0.8133459999100598,0.8372222104591336,0.8244081790151545,1498.0,0.6501299277165998
0.8972425451560694,0.8925233644859814,0.8944945434867448,1498.0,0.6501299277165998
