precision,recall,f1-score,support,matthew
0.917981072555205,0.9494290375203915,0.933440256615878,1226.0,0.6024376696260981
0.7268722466960352,0.6133828996282528,0.6653225806451613,269.0,0.6024376696260981
0.8889632107023412,0.8889632107023412,0.8889632107023412,0.8889632107023412,0.6024376696260981
0.8224266596256201,0.7814059685743222,0.7993814186305197,1495.0,0.6024376696260981
0.8835942670996086,0.8889632107023412,0.885197009233856,1495.0,0.6024376696260981
