precision,recall,f1-score,support,matthew
0.9503784693019344,0.9186991869918699,0.9342703596527491,1230.0,0.661678832014894
0.6763754045307443,0.7798507462686567,0.7244367417677643,268.0,0.661678832014894
0.8938584779706275,0.8938584779706275,0.8938584779706275,0.8938584779706275,0.661678832014894
0.8133769369163393,0.8492749666302633,0.8293535507102567,1498.0,0.661678832014894
0.9013578942961407,0.8938584779706275,0.8967300328215234,1498.0,0.661678832014894
