precision,recall,f1-score,support,matthew
0.9164715066354411,0.9568052159739201,0.9362041467304625,1227.0,0.6119897787310344
0.7534883720930232,0.6022304832713755,0.6694214876033058,269.0,0.6119897787310344
0.893048128342246,0.893048128342246,0.893048128342246,0.893048128342246,0.6119897787310344
0.8349799393642321,0.7795178496226478,0.8028128171668841,1496.0,0.6119897787310344
0.8871650472825597,0.893048128342246,0.8882332006708334,1496.0,0.6119897787310344
