precision,recall,f1-score,support,matthew
0.924901185770751,0.9543230016313213,0.939381774387796,1226.0,0.6400362116636997
0.7565217391304347,0.6468401486988847,0.6973947895791582,269.0,0.6400362116636997
0.8989966555183947,0.8989966555183947,0.8989966555183947,0.8989966555183947,0.6400362116636997
0.8407114624505929,0.8005815751651031,0.8183882819834771,1495.0,0.6400362116636997
0.8946041482147343,0.8989966555183947,0.8958403035426298,1495.0,0.6400362116636997
