precision,recall,f1-score,support,matthew
0.9078844652615145,0.947840260798696,0.927432216905901,1227.0,0.5558786606911453
0.7009345794392523,0.5597014925373134,0.6224066390041494,268.0,0.5558786606911453
0.8782608695652174,0.8782608695652174,0.8782608695652174,0.8782608695652174,0.5558786606911453
0.8044095223503833,0.7537708766680047,0.7749194279550252,1495.0,0.5558786606911453
0.870785756632507,0.8782608695652174,0.8727520464191656,1495.0,0.5558786606911453
