precision,recall,f1-score,support,matthew
0.941027801179444,0.9110929853181077,0.9258184832159138,1226.0,0.618179885483351
0.6461038961038961,0.7397769516728625,0.6897746967071057,269.0,0.618179885483351
0.8802675585284281,0.8802675585284281,0.8802675585284281,0.8802675585284281,0.618179885483351
0.79356584864167,0.8254349684954851,0.8077965899615097,1495.0,0.618179885483351
0.8879612256173555,0.8802675585284281,0.883346390526369,1495.0,0.618179885483351
