precision,recall,f1-score,support,matthew
0.9481171548117154,0.9211382113821138,0.9344329896907216,1230.0,0.6591269569844938
0.680921052631579,0.7695167286245354,0.7225130890052355,269.0,0.6591269569844938
0.8939292861907938,0.8939292861907938,0.8939292861907938,0.8939292861907938,0.6591269569844938
0.8145191037216473,0.8453274700033246,0.8284730393479786,1499.0,0.6591269569844938
0.9001680210649131,0.8939292861907938,0.8964033343975958,1499.0,0.6591269569844938
