precision,recall,f1-score,support,matthew
0.917192429022082,0.9462978030919447,0.9315178213856626,1229.0,0.5919357997738709
0.7130434782608696,0.6096654275092936,0.6573146292585169,269.0,0.5919357997738709
0.8858477970627503,0.8858477970627503,0.8858477970627503,0.8858477970627503,0.5919357997738709
0.8151179536414758,0.7779816153006192,0.7944162253220898,1498.0,0.5919357997738709
0.8805328377305159,0.8858477970627503,0.8822783963641658,1498.0,0.5919357997738709
