precision,recall,f1-score,support,matthew
0.9182242990654206,0.9569805194805194,0.937201907790143,1232.0,0.6166765428585291
0.7546296296296297,0.6082089552238806,0.6735537190082644,268.0,0.6166765428585291
0.8946666666666667,0.8946666666666667,0.8946666666666667,0.8946666666666667,0.6166765428585291
0.8364269643475251,0.7825947373522,0.8053778133992038,1500.0,0.6166765428585291
0.8889953847928924,0.8946666666666667,0.8900967647277808,1500.0,0.6166765428585291
