precision,recall,f1-score,support,matthew
0.9327935222672065,0.9388753056234719,0.9358245329000813,1227.0,0.6378364058682107
0.7126436781609196,0.6914498141263941,0.7018867924528301,269.0,0.6378364058682107
0.8943850267379679,0.8943850267379679,0.8943850267379679,0.8943850267379679,0.6378364058682107
0.822718600214063,0.815162559874933,0.8188556626764557,1496.0,0.6378364058682107
0.8932077548443514,0.8943850267379679,0.8937595247581624,1496.0,0.6378364058682107
