precision,recall,f1-score,support,matthew
0.9527491408934707,0.9038304808475958,0.9276453366792137,1227.0,0.646337846244033
0.6445783132530121,0.7955390334572491,0.7121464226289517,269.0,0.646337846244033
0.8843582887700535,0.8843582887700535,0.8843582887700535,0.8843582887700535,0.646337846244033
0.7986637270732414,0.8496847571524224,0.8198958796540827,1496.0,0.646337846244033
0.8973360709500995,0.8843582887700535,0.8888958661715128,1496.0,0.646337846244033
