precision,recall,f1-score,support,matthew
0.9151467089611419,0.9374492282696995,0.9261637239165329,1231.0,0.565698157749518
0.6778242677824268,0.6022304832713755,0.6377952755905512,269.0,0.565698157749518
0.8773333333333333,0.8773333333333333,0.8773333333333333,0.8773333333333333,0.565698157749518
0.7964854883717843,0.7698398557705375,0.7819794997535421,1500.0,0.565698157749518
0.8725868845097591,0.8773333333333333,0.8744496488500736,1500.0,0.565698157749518
