precision,recall,f1-score,support,matthew
0.9506802721088435,0.9089430894308943,0.9293433083956775,1230.0,0.6470883517414542
0.653250773993808,0.7843866171003717,0.7128378378378378,269.0,0.6470883517414542
0.8865910607071381,0.8865910607071381,0.8865910607071381,0.8865910607071381,0.6470883517414542
0.8019655230513258,0.846664853265633,0.8210905731167577,1499.0,0.6470883517414542
0.8973056657092807,0.8865910607071381,0.890490758976025,1499.0,0.6470883517414542
