precision,recall,f1-score,support,matthew
0.9207221350078493,0.9567699836867863,0.9384,1226.0,0.629136390866833
0.7601809954751131,0.6245353159851301,0.6857142857142857,269.0,0.629136390866833
0.8969899665551839,0.8969899665551839,0.8969899665551839,0.8969899665551839,0.629136390866833
0.8404515652414812,0.7906526498359583,0.8120571428571428,1495.0,0.629136390866833
0.8918354684297181,0.8969899665551839,0.8929334734830386,1495.0,0.629136390866833
