precision,recall,f1-score,support,matthew
0.9224745497259201,0.9608482871125612,0.9412704754294847,1226.0,0.645237295933344
0.7798165137614679,0.6319702602230484,0.6981519507186859,269.0,0.645237295933344
0.9016722408026756,0.9016722408026756,0.9016722408026756,0.9016722408026756,0.645237295933344
0.851145531743694,0.7964092736678048,0.8197112130740853,1495.0,0.645237295933344
0.8968056455958615,0.9016722408026756,0.8975254030902172,1495.0,0.645237295933344
