precision,recall,f1-score,support,matthew
0.942643391521197,0.9242053789731052,0.9333333333333333,1227.0,0.6461197932958919
0.6825938566552902,0.7434944237918215,0.7117437722419929,269.0,0.6461197932958919
0.8917112299465241,0.8917112299465241,0.8917112299465241,0.8917112299465241,0.6461197932958919
0.8126186240882436,0.8338499013824634,0.8225385527876632,1496.0,0.6461197932958919
0.8958831476181696,0.8917112299465241,0.8934886863189145,1496.0,0.6461197932958919
