precision,recall,f1-score,support,matthew
0.940084388185654,0.9071661237785016,0.9233319519270617,1228.0,0.607998032969634
0.6346153846153846,0.7360594795539034,0.6815834767641997,269.0,0.607998032969634
0.8764195056780227,0.8764195056780227,0.8764195056780227,0.8764195056780227,0.607998032969634
0.7873498864005193,0.8216128016662025,0.8024577143456307,1497.0,0.607998032969634
0.8851938324338823,0.8764195056780227,0.8798915111663337,1497.0,0.607998032969634
