precision,recall,f1-score,support,matthew
0.943744752308984,0.9168026101141925,0.9300786098469177,1226.0,0.6372808641099953
0.6644736842105263,0.7509293680297398,0.7050610820244329,269.0,0.6372808641099953
0.8869565217391304,0.8869565217391304,0.8869565217391304,0.8869565217391304,0.6372808641099953
0.8041092182597551,0.8338659890719662,0.8175698459356753,1495.0,0.6372808641099953
0.8934946403902649,0.8869565217391304,0.8895905061785242,1495.0,0.6372808641099953
