precision,recall,f1-score,support,matthew
0.9193675889328063,0.947840260798696,0.9333868378812199,1227.0,0.6043637424734474
0.7229437229437229,0.620817843866171,0.6679999999999999,269.0,0.6043637424734474
0.8890374331550802,0.8890374331550802,0.8890374331550802,0.8890374331550802,0.6043637424734474
0.8211556559382647,0.7843290523324336,0.8006934189406099,1496.0,0.6043637424734474
0.8840480568799565,0.8890374331550802,0.8856668783958936,1496.0,0.6043637424734474
