precision,recall,f1-score,support,matthew
0.9479338842975207,0.935562805872757,0.9417077175697866,1226.0,0.6858806180648157
0.7228070175438597,0.7657992565055762,0.7436823104693141,269.0,0.6858806180648157
0.9050167224080268,0.9050167224080268,0.9050167224080268,0.9050167224080268,0.6858806180648157
0.8353704509206902,0.8506810311891666,0.8426950140195504,1495.0,0.6858806180648157
0.9074261069351564,0.9050167224080268,0.9060763901383302,1495.0,0.6858806180648157
