precision,recall,f1-score,support,matthew
0.9490392648287385,0.9250814332247557,0.9369072164948453,1228.0,0.6697602766134905
0.6933333333333334,0.7732342007434945,0.7311072056239015,269.0,0.6697602766134905
0.8977955911823647,0.8977955911823647,0.8977955911823647,0.8977955911823647,0.6697602766134905
0.8211862990810359,0.8491578169841251,0.8340072110593735,1497.0,0.6697602766134905
0.90309077079249,0.8977955911823647,0.8999264530183697,1497.0,0.6697602766134905
