precision,recall,f1-score,support,matthew
0.9452523524379812,0.901305057096248,0.9227557411273487,1226.0,0.6171236246766209
0.6288343558282209,0.7620817843866171,0.689075630252101,269.0,0.6171236246766209
0.8762541806020067,0.8762541806020067,0.8762541806020067,0.8762541806020067,0.6171236246766209
0.787043354133101,0.8316934207414326,0.8059156856897248,1495.0,0.6171236246766209
0.8883182781316097,0.8762541806020067,0.8807089519464512,1495.0,0.6171236246766209
