precision,recall,f1-score,support,matthew
0.9307875894988067,0.9551020408163265,0.9427880741337632,1225.0,0.6643559840034645
0.7679324894514767,0.6765799256505576,0.7193675889328064,269.0,0.6643559840034645
0.9049531459170014,0.9049531459170014,0.9049531459170014,0.9049531459170014,0.6643559840034645
0.8493600394751417,0.8158409832334421,0.8310778315332847,1494.0,0.6643559840034645
0.9014649510030023,0.9049531459170014,0.9025604231839256,1494.0,0.6643559840034645
