precision,recall,f1-score,support,matthew
0.9413243922883487,0.9159869494290375,0.9284828441504754,1226.0,0.6263443109655646
0.6578073089700996,0.7388059701492538,0.6959578207381372,268.0,0.6263443109655646
0.8842034805890228,0.8842034805890228,0.8842034805890228,0.8842034805890228,0.6263443109655646
0.7995658506292243,0.8273964597891457,0.8122203324443062,1494.0,0.6263443109655646
0.8904659061241649,0.8842034805890228,0.8867715280363478,1494.0,0.6263443109655646
