precision,recall,f1-score,support,matthew
0.9244372990353698,0.9380097879282219,0.9311740890688259,1226.0,0.6048818231401568
0.6972111553784861,0.6505576208178439,0.673076923076923,269.0,0.6048818231401568
0.8862876254180602,0.8862876254180602,0.8862876254180602,0.8862876254180602,0.6048818231401568
0.8108242272069279,0.7942837043730329,0.8021255060728745,1495.0,0.6048818231401568
0.883551792250285,0.8862876254180602,0.8847338632147645,1495.0,0.6048818231401568
