precision,recall,f1-score,support,matthew
0.9282899921197794,0.9577235772357724,0.9427771108443378,1230.0,0.6595211629587898
0.7739130434782608,0.6617100371747212,0.7134268537074149,269.0,0.6595211629587898
0.904603068712475,0.904603068712475,0.904603068712475,0.904603068712475,0.6595211629587898
0.8511015177990201,0.8097168072052467,0.8281019822758764,1499.0,0.6595211629587898
0.9005865903955842,0.904603068712475,0.9016195263414476,1499.0,0.6595211629587898
