precision,recall,f1-score,support,matthew
0.92,0.9552117263843648,0.9372752696763884,1228.0,0.6222838387462909
0.7522522522522522,0.620817843866171,0.680244399185336,269.0,0.6222838387462909
0.895123580494322,0.895123580494322,0.895123580494322,0.895123580494322,0.6222838387462909
0.8361261261261261,0.7880147851252679,0.8087598344308622,1497.0,0.6222838387462909
0.8898569511395164,0.895123580494322,0.8910886937498065,1497.0,0.6222838387462909
