precision,recall,f1-score,support,matthew
0.9536878216123499,0.9040650406504065,0.9282136894824708,1230.0,0.6492489051952661
0.6456456456456456,0.7992565055762082,0.7142857142857143,269.0,0.6492489051952661
0.885256837891928,0.885256837891928,0.885256837891928,0.885256837891928,0.6492489051952661
0.7996667336289978,0.8516607731133073,0.8212497018840925,1499.0,0.6492489051952661
0.898408738667024,0.885256837891928,0.8898236792570355,1499.0,0.6492489051952661
