precision,recall,f1-score,support,matthew
0.9246467817896389,0.9577235772357724,0.9408945686900959,1230.0,0.6455294800508735
0.7688888888888888,0.6431226765799256,0.7004048582995951,269.0,0.6455294800508735
0.9012675116744496,0.9012675116744496,0.9012675116744496,0.9012675116744496,0.6455294800508735
0.8467678353392638,0.800423126907849,0.8206497134948455,1499.0,0.6455294800508735
0.8966955655185903,0.9012675116744496,0.8977379762317604,1499.0,0.6455294800508735
