precision,recall,f1-score,support,matthew
0.946058091286307,0.9306122448979591,0.9382716049382717,1225.0,0.6702027176465899
0.7058823529411765,0.758364312267658,0.7311827956989249,269.0,0.6702027176465899
0.8995983935742972,0.8995983935742972,0.8995983935742972,0.8995983935742972,0.6702027176465899
0.8259702221137417,0.8444882785828085,0.8347272003185983,1494.0,0.6702027176465899
0.902813597568208,0.8995983935742972,0.9009845301823249,1494.0,0.6702027176465899
