precision,recall,f1-score,support,matthew
0.9432203389830508,0.9078303425774877,0.9251870324189526,1226.0,0.6205147717791749
0.6412698412698413,0.7509293680297398,0.6917808219178083,269.0,0.6205147717791749
0.8795986622073578,0.8795986622073578,0.8795986622073578,0.8795986622073578,0.6205147717791749
0.7922450901264461,0.8293798553036138,0.8084839271683805,1495.0,0.6205147717791749
0.8888894467523797,0.8795986622073578,0.8831895269842985,1495.0,0.6205147717791749
