precision,recall,f1-score,support,matthew
0.9420168067226891,0.9113821138211382,0.9264462809917354,1230.0,0.6212056634331447
0.6472491909385113,0.7434944237918215,0.6920415224913494,269.0,0.6212056634331447
0.8812541694462975,0.8812541694462975,0.8812541694462975,0.8812541694462975,0.6212056634331447
0.7946329988306002,0.8274382688064799,0.8092439017415425,1499.0,0.6212056634331447
0.8891198830095844,0.8812541694462975,0.8843816512141478,1499.0,0.6212056634331447
