precision,recall,f1-score,support,matthew
0.9239302694136292,0.9495114006514658,0.9365461847389558,1228.0,0.6254582641044051
0.7361702127659574,0.6431226765799256,0.6865079365079364,269.0,0.6254582641044051
0.8944555778223113,0.8944555778223113,0.8944555778223113,0.8944555778223113,0.6254582641044051
0.8300502410897933,0.7963170386156957,0.8115270606234462,1497.0,0.6254582641044051
0.8901911543580355,0.8944555778223113,0.891616132117617,1497.0,0.6254582641044051
