precision,recall,f1-score,support,matthew
0.9408284023668639,0.9093137254901961,0.9248026589115081,1224.0,0.6139623126048703
0.6407766990291263,0.7388059701492538,0.68630849220104,268.0,0.6139623126048703
0.878686327077748,0.878686327077748,0.878686327077748,0.878686327077748,0.6139623126048703
0.7908025506979951,0.824059847819725,0.805555575556274,1492.0,0.6139623126048703
0.8869317157083427,0.878686327077748,0.8819632241404589,1492.0,0.6139623126048703
