precision,recall,f1-score,support,matthew
0.9456066945606695,0.9201954397394136,0.9327280231118449,1228.0,0.6491962397799481
0.6754966887417219,0.758364312267658,0.7145359019264448,269.0,0.6491962397799481
0.8911155644622578,0.8911155644622578,0.8911155644622578,0.8911155644622578,0.6491962397799481
0.8105516916511957,0.8392798760035358,0.8236319625191448,1497.0,0.6491962397799481
0.8970698932478459,0.8911155644622578,0.893520487641656,1497.0,0.6491962397799481
