precision,recall,f1-score,support,matthew
0.9254807692307693,0.9390243902439024,0.9322033898305084,1230.0,0.6097594115816083
0.701195219123506,0.654275092936803,0.6769230769230768,269.0,0.6097594115816083
0.8879252835223482,0.8879252835223482,0.8879252835223482,0.8879252835223482,0.6097594115816083
0.8133379941771377,0.7966497415903526,0.8045632333767927,1499.0,0.6097594115816083
0.8852320614396727,0.8879252835223482,0.8863925798424503,1499.0,0.6097594115816083
