precision,recall,f1-score,support,matthew
0.9457167090754877,0.9102040816326531,0.9276206322795341,1225.0,0.6322572675721296
0.6496815286624203,0.7611940298507462,0.7010309278350514,268.0,0.6322572675721296
0.883456128600134,0.883456128600134,0.883456128600134,0.883456128600134,0.6322572675721296
0.797699118868954,0.8356990557416997,0.8143257800572927,1493.0,0.6322572675721296
0.8925771053576698,0.883456128600134,0.8869467938393992,1493.0,0.6322572675721296
