precision,recall,f1-score,support,matthew
0.9168627450980392,0.9504065040650407,0.9333333333333333,1230.0,0.598826715964492
0.7276785714285714,0.6059479553903345,0.6612576064908722,269.0,0.598826715964492
0.8885923949299533,0.8885923949299533,0.8885923949299533,0.8885923949299533,0.598826715964492
0.8222706582633053,0.7781772297276877,0.7972954699121028,1499.0,0.598826715964492
0.8829130835122575,0.8885923949299533,0.8845085364549998,1499.0,0.598826715964492
