precision,recall,f1-score,support,matthew
0.92442322991249,0.9485714285714286,0.9363416599516519,1225.0,0.6249810268806917
0.7330508474576272,0.6455223880597015,0.6865079365079366,268.0,0.6249810268806917
0.8941728064300067,0.8941728064300067,0.8941728064300067,0.8941728064300067,0.6249810268806917
0.8287370386850585,0.7970469083155651,0.8114247982297942,1493.0,0.6249810268806917
0.8900710540933987,0.8941728064300067,0.8914954189048229,1493.0,0.6249810268806917
