precision,recall,f1-score,support,matthew
0.917057902973396,0.9536208299430431,0.9349820502592741,1229.0,0.6067765581795964
0.740909090909091,0.6059479553903345,0.6666666666666666,269.0,0.6067765581795964
0.8911882510013351,0.8911882510013351,0.8911882510013351,0.8911882510013351,0.6067765581795964
0.8289834969412435,0.7797843926666888,0.8008243584629704,1498.0,0.6067765581795964
0.8854263739711943,0.8911882510013351,0.8867999152883719,1498.0,0.6067765581795964
