precision,recall,f1-score,support,matthew
0.9503784693019344,0.919446704637917,0.934656741108354,1229.0,0.6641280508807911
0.6796116504854369,0.7806691449814126,0.7266435986159169,269.0,0.6641280508807911
0.8945260347129506,0.8945260347129506,0.8945260347129506,0.8945260347129506,0.6641280508807911
0.8149950598936857,0.8500579248096648,0.8306501698621354,1498.0,0.6641280508807911
0.9017561233328838,0.8945260347129506,0.8973032462282033,1498.0,0.6641280508807911
