precision,recall,f1-score,support,matthew
0.9288,0.9439024390243902,0.9362903225806452,1230.0,0.6320742310989769
0.7228915662650602,0.6691449814126395,0.6949806949806949,269.0,0.6320742310989769
0.8945963975983989,0.8945963975983989,0.8945963975983989,0.8945963975983989,0.6320742310989769
0.8258457831325301,0.8065237102185148,0.81563550878067,1499.0,0.6320742310989769
0.8918491202970655,0.8945963975983989,0.8929865935450303,1499.0,0.6320742310989769
