precision,recall,f1-score,support,matthew
0.9419680403700589,0.9098294069861901,0.9256198347107439,1231.0,0.6182477500561789
0.6430868167202572,0.7434944237918215,0.689655172413793,269.0,0.6182477500561789
0.88,0.88,0.88,0.88,0.6182477500561789
0.792527428545158,0.8266619153890058,0.8076375035622685,1500.0,0.6182477500561789
0.8883686742621945,0.88,0.8833035052721574,1500.0,0.6182477500561789
