precision,recall,f1-score,support,matthew
0.9404861693210393,0.9107142857142857,0.9253608247422681,1232.0,0.6131601556410254
0.6416938110749185,0.7350746268656716,0.6852173913043478,268.0,0.6131601556410254
0.8793333333333333,0.8793333333333333,0.8793333333333333,0.8793333333333333,0.6131601556410254
0.7910899901979789,0.8228944562899787,0.805289108023308,1500.0,0.6131601556410254
0.8871019346477323,0.8793333333333333,0.8824551979680264,1500.0,0.6131601556410254
