precision,recall,f1-score,support,matthew
0.9489539748953975,0.9212022745735174,0.9348722176422093,1231.0,0.6619174314101355
0.6819672131147541,0.7732342007434945,0.7247386759581881,269.0,0.6619174314101355
0.8946666666666667,0.8946666666666667,0.8946666666666667,0.8946666666666667,0.6619174314101355
0.8154605940050758,0.847218237658506,0.8298054468001987,1500.0,0.6619174314101355
0.9010743489494021,0.8946666666666667,0.8971882691668748,1500.0,0.6619174314101355
