precision,recall,f1-score,support,matthew
0.9380677126341866,0.9235772357723577,0.9307660794756246,1230.0,0.6280049476221153
0.6736111111111112,0.7211895910780669,0.6965888689407541,269.0,0.6280049476221153
0.8872581721147431,0.8872581721147431,0.8872581721147431,0.8872581721147431,0.6280049476221153
0.8058394118726488,0.8223834134252124,0.8136774742081894,1499.0,0.6280049476221153
0.8906101904129009,0.8872581721147431,0.8887422838559581,1499.0,0.6280049476221153
