precision,recall,f1-score,support,matthew
0.9224745497259201,0.9585028478437754,0.940143655227454,1229.0,0.6390879356948541
0.7692307692307693,0.6319702602230484,0.6938775510204083,269.0,0.6390879356948541
0.8998664886515354,0.8998664886515354,0.8998664886515354,0.8998664886515354,0.6390879356948541
0.8458526594783446,0.7952365540334119,0.8170106031239311,1498.0,0.6390879356948541
0.8949561405448817,0.8998664886515354,0.895920970293078,1498.0,0.6390879356948541
