precision,recall,f1-score,support,matthew
0.9421140939597316,0.9152404237978811,0.9284828441504753,1227.0,0.6286865082938583
0.6578947368421053,0.7434944237918215,0.6980802792321117,269.0,0.6286865082938583
0.8843582887700535,0.8843582887700535,0.8843582887700535,0.8843582887700535,0.6286865082938583
0.8000044154009185,0.8293674237948513,0.8132815616912935,1496.0,0.6286865082938583
0.8910078058149178,0.8843582887700535,0.8870535059398872,1496.0,0.6286865082938583
