precision,recall,f1-score,support,matthew
0.9430962343096234,0.9170056956875509,0.92986798679868,1229.0,0.6346834709258484
0.6633663366336634,0.7472118959107806,0.7027972027972028,269.0,0.6346834709258484
0.8865153538050734,0.8865153538050734,0.8865153538050734,0.8865153538050734,0.6346834709258484
0.8032312854716435,0.8321087957991657,0.8163325947979414,1498.0,0.6346834709258484
0.8928643634986533,0.8865153538050734,0.8890922585634348,1498.0,0.6346834709258484
