precision,recall,f1-score,support,matthew
0.9219242902208202,0.9519543973941368,0.9366987179487181,1228.0,0.6228088428854877
0.74235807860262,0.6319702602230484,0.6827309236947791,269.0,0.6228088428854877
0.8944555778223113,0.8944555778223113,0.8944555778223113,0.8944555778223113,0.6228088428854877
0.8321411844117201,0.7919623288085926,0.8097148208217486,1497.0,0.6228088428854877
0.8896575494557596,0.8944555778223113,0.8910625545189856,1497.0,0.6228088428854877
