precision,recall,f1-score,support,matthew
0.9173811379579111,0.9576891781936534,0.9371019108280254,1229.0,0.6170482442379885
0.7581395348837209,0.6059479553903345,0.6735537190082644,269.0,0.6170482442379885
0.8945260347129506,0.8945260347129506,0.8945260347129506,0.8945260347129506,0.6170482442379885
0.8377603364208159,0.7818185667919939,0.8053278149181449,1498.0,0.6170482442379885
0.8887856832002627,0.8945260347129506,0.8897758336587892,1498.0,0.6170482442379885
