precision,recall,f1-score,support,matthew
0.9231987331749802,0.9495114006514658,0.9361702127659575,1228.0,0.6226149137364121
0.7350427350427351,0.6394052044609665,0.6838966202783301,269.0,0.6226149137364121
0.8937875751503006,0.8937875751503006,0.8937875751503006,0.8937875751503006,0.6226149137364121
0.8291207341088577,0.7944583025562162,0.8100334165221438,1497.0,0.6226149137364121
0.8893884703175494,0.8937875751503006,0.8908384850577599,1497.0,0.6226149137364121
