precision,recall,f1-score,support,matthew
0.9228953579858379,0.9544344995931652,0.9384,1229.0,0.6316963301860112
0.7533039647577092,0.6356877323420075,0.6895161290322581,269.0,0.6316963301860112
0.897196261682243,0.897196261682243,0.897196261682243,0.897196261682243,0.6316963301860112
0.8380996613717735,0.7950611159675863,0.8139580645161291,1498.0,0.6316963301860112
0.892441362806688,0.897196261682243,0.8937072354537233,1498.0,0.6316963301860112
