precision,recall,f1-score,support,matthew
0.9185591229444009,0.9575510204081633,0.9376498800959232,1225.0,0.6225936898092405
0.7603686635944701,0.6133828996282528,0.6790123456790124,269.0,0.6225936898092405
0.8955823293172691,0.8955823293172691,0.8955823293172691,0.8955823293172691,0.6225936898092405
0.8394638932694355,0.785466960018208,0.8083311128874677,1494.0,0.6225936898092405
0.8900763695540852,0.8955823293172691,0.8910812745014459,1494.0,0.6225936898092405
