precision,recall,f1-score,support,matthew
0.914308176100629,0.9470684039087948,0.9304,1228.0,0.5821444502532737
0.7111111111111111,0.5947955390334573,0.6477732793522267,269.0,0.5821444502532737
0.8837675350701403,0.8837675350701403,0.8837675350701403,0.8837675350701403,0.5821444502532737
0.8127096436058701,0.770931971471126,0.7890866396761134,1497.0,0.5821444502532737
0.8777951430464003,0.8837675350701403,0.879614036169505,1497.0,0.5821444502532737
