precision,recall,f1-score,support,matthew
0.918918918918919,0.9429037520391517,0.9307568438003221,1226.0,0.5928864900274367
0.7046413502109705,0.620817843866171,0.6600790513833993,269.0,0.5928864900274367
0.8849498327759198,0.8849498327759198,0.8849498327759198,0.8849498327759198,0.5928864900274367
0.8117801345649447,0.7818607979526613,0.7954179475918607,1495.0,0.5928864900274367
0.8803632894992278,0.8849498327759198,0.8820529467032303,1495.0,0.5928864900274367
