precision,recall,f1-score,support,matthew
0.922283901665345,0.9470684039087948,0.9345118521494575,1228.0,0.613972096292358
0.7245762711864406,0.6356877323420075,0.6772277227722773,269.0,0.613972096292358
0.8911155644622578,0.8911155644622578,0.8911155644622578,0.8911155644622578,0.613972096292358
0.8234300864258928,0.7913780681254011,0.8058697874608673,1497.0,0.613972096292358
0.8867572800228433,0.8911155644622578,0.8882797674450744,1497.0,0.613972096292358
