precision,recall,f1-score,support,matthew
0.9418702611625948,0.9119086460032626,0.9266473269788645,1226.0,0.6224853409337645
0.6493506493506493,0.7434944237918215,0.6932409012131716,269.0,0.6224853409337645
0.8816053511705686,0.8816053511705686,0.8816053511705686,0.8816053511705686,0.6224853409337645
0.7956104552566221,0.8277015348975421,0.8099441140960181,1495.0,0.6224853409337645
0.8892362975656628,0.8816053511705686,0.8846497828109907,1495.0,0.6224853409337645
