precision,recall,f1-score,support,matthew
0.9420049710024855,0.9251423921887714,0.933497536945813,1229.0,0.6450909059507388
0.6838487972508591,0.7397769516728625,0.7107142857142857,269.0,0.6450909059507388
0.8918558077436582,0.8918558077436582,0.8918558077436582,0.8918558077436582,0.6450909059507388
0.8129268841266724,0.8324596719308169,0.8221059113300493,1498.0,0.6450909059507388
0.8956471534195832,0.8918558077436582,0.8934917328194574,1498.0,0.6450909059507388
