precision,recall,f1-score,support,matthew
0.9347107438016529,0.9225122349102773,0.9285714285714285,1226.0,0.6149514795502553
0.6666666666666666,0.7063197026022305,0.6859205776173285,269.0,0.6149514795502553
0.8836120401337793,0.8836120401337793,0.8836120401337793,0.8836120401337793,0.6149514795502553
0.8006887052341598,0.814415968756254,0.8072460030943784,1495.0,0.6149514795502553
0.8864807392870633,0.8836120401337793,0.8849105062258412,1495.0,0.6149514795502553
