precision,recall,f1-score,support,matthew
0.9426160337552743,0.9096091205211726,0.9258184832159136,1228.0,0.6208488653667134
0.6442307692307693,0.7472118959107806,0.6919104991394148,269.0,0.6208488653667134
0.8804275217100869,0.8804275217100869,0.8804275217100869,0.8804275217100869,0.6208488653667134
0.7934234014930217,0.8284105082159766,0.8088644911776642,1497.0,0.6208488653667134
0.8889983743316991,0.8804275217100869,0.8837869216149931,1497.0,0.6208488653667134
