precision,recall,f1-score,support,matthew
0.9292604501607717,0.9413680781758957,0.9352750809061489,1228.0,0.6292689064859015
0.7154150197628458,0.6728624535315985,0.6934865900383141,269.0,0.6292689064859015
0.8931195724782899,0.8931195724782899,0.8931195724782899,0.8931195724782899,0.6292689064859015
0.8223377349618088,0.807115265853747,0.8143808354722315,1497.0,0.6292689064859015
0.8908339833758405,0.8931195724782899,0.8918274496146008,1497.0,0.6292689064859015
