precision,recall,f1-score,support,matthew
0.914576802507837,0.9526530612244898,0.9332267093162735,1225.0,0.5958458927502606
0.7339449541284404,0.5947955390334573,0.6570841889117043,269.0,0.5958458927502606
0.8882195448460509,0.8882195448460509,0.8882195448460509,0.8882195448460509,0.5958458927502606
0.8242608783181387,0.7737243001289735,0.7951554491139889,1494.0,0.5958458927502606
0.882053397411413,0.8882195448460509,0.8835062688953704,1494.0,0.5958458927502606
