precision,recall,f1-score,support,matthew
0.915625,0.9559543230016313,0.9353551476456504,1226.0,0.6069782449462001
0.7488372093023256,0.5985130111524164,0.665289256198347,269.0,0.6069782449462001
0.8916387959866221,0.8916387959866221,0.8916387959866221,0.8916387959866221,0.6069782449462001
0.8322311046511628,0.7772336670770239,0.8003222019219987,1495.0,0.6069782449462001
0.8856143540483783,0.8916387959866221,0.8867613517932594,1495.0,0.6069782449462001
