precision,recall,f1-score,support,matthew
0.9212410501193318,0.9422294548413345,0.9316170555108609,1229.0,0.5998447939477022
0.7053941908713693,0.6319702602230484,0.6666666666666666,269.0,0.5998447939477022
0.8865153538050734,0.8865153538050734,0.8865153538050734,0.8865153538050734,0.5998447939477022
0.8133176204953505,0.7870998575321915,0.7991418610887637,1498.0,0.5998447939477022
0.8824808330714667,0.8865153538050734,0.8840391819467165,1498.0,0.5998447939477022
