precision,recall,f1-score,support,matthew
0.9174528301886793,0.9511002444987775,0.9339735894357744,1227.0,0.6022067984020777
0.7309417040358744,0.6082089552238806,0.6639511201629328,268.0,0.6022067984020777
0.8896321070234113,0.8896321070234113,0.8896321070234113,0.8896321070234113,0.6022067984020777
0.8241972671122768,0.7796545998613291,0.7989623547993536,1495.0,0.6022067984020777
0.884018059747909,0.8896321070234113,0.885568223706596,1495.0,0.6022067984020777
