precision,recall,f1-score,support,matthew
0.9270998415213946,0.9512195121951219,0.9390048154093098,1230.0,0.640756985634241
0.7468354430379747,0.6579925650557621,0.6996047430830039,269.0,0.640756985634241
0.8985990660440294,0.8985990660440294,0.8985990660440294,0.8985990660440294,0.640756985634241
0.8369676422796846,0.804606038625442,0.8193047792461569,1499.0,0.640756985634241
0.8947508600724019,0.8985990660440294,0.8960437617363436,1499.0,0.640756985634241
