precision,recall,f1-score,support,matthew
0.9203747072599532,0.9577579203899269,0.9386942675159237,1231.0,0.6285919020914309
0.7625570776255708,0.620817843866171,0.6844262295081966,269.0,0.6285919020914309
0.8973333333333333,0.8973333333333333,0.8973333333333333,0.8973333333333333,0.6285919020914309
0.841465892442762,0.7892878821280489,0.8115602485120601,1500.0,0.6285919020914309
0.8920727456788539,0.8973333333333333,0.8930955326998713,1500.0,0.6285919020914309
