precision,recall,f1-score,support,matthew
0.9246467817896389,0.9592833876221498,0.9416466826538769,1228.0,0.6495723241752658
0.7757847533632287,0.6431226765799256,0.7032520325203252,269.0,0.6495723241752658
0.9024716098864396,0.9024716098864396,0.9024716098864396,0.9024716098864396,0.6495723241752658
0.8502157675764338,0.8012030321010377,0.822449357587101,1497.0,0.6495723241752658
0.8978973591799498,0.9024716098864396,0.8988088998309474,1497.0,0.6495723241752658
