precision,recall,f1-score,support,matthew
0.9483488569009314,0.9105691056910569,0.92907507258399,1230.0,0.641832025589323
0.6540880503144654,0.7732342007434945,0.7086882453151617,269.0,0.641832025589323
0.885923949299533,0.885923949299533,0.885923949299533,0.885923949299533,0.641832025589323
0.8012184536076984,0.8419016532172756,0.8188816589495759,1499.0,0.641832025589323
0.8955428816028932,0.885923949299533,0.8895260021801776,1499.0,0.641832025589323
