precision,recall,f1-score,support,matthew
0.9445822994210091,0.9307253463732681,0.9376026272577996,1227.0,0.6648271783772215
0.7038327526132404,0.7509293680297398,0.7266187050359711,269.0,0.6648271783772215
0.8983957219251337,0.8983957219251337,0.8983957219251337,0.8983957219251337,0.6648271783772215
0.8242075260171248,0.8408273572015039,0.8321106661468853,1496.0,0.6648271783772215
0.9012924410712164,0.8983957219251337,0.8996650102272704,1496.0,0.6648271783772215
