precision,recall,f1-score,support,matthew
0.9194948697711128,0.9502446982055465,0.9346169273967108,1226.0,0.6101678466999778
0.7324561403508771,0.620817843866171,0.6720321931589538,269.0,0.6101678466999778
0.8909698996655518,0.8909698996655518,0.8909698996655518,0.8909698996655518,0.6101678466999778
0.8259755050609949,0.7855312710358587,0.8033245602778323,1495.0,0.6101678466999778
0.885840409427271,0.8909698996655518,0.8873692394301845,1495.0,0.6101678466999778
