precision,recall,f1-score,support,matthew
0.9427385892116182,0.922077922077922,0.9322938038572015,1232.0,0.6415601554027099
0.6756756756756757,0.7434944237918215,0.7079646017699115,269.0,0.6415601554027099
0.8900732844770153,0.8900732844770153,0.8900732844770153,0.8900732844770153,0.6415601554027099
0.809207132443647,0.8327861729348718,0.8201292028135565,1501.0,0.6415601554027099
0.8948772143007797,0.8900732844770153,0.8920909022173076,1501.0,0.6415601554027099
