precision,recall,f1-score,support,matthew
0.9500846023688664,0.9137510170870626,0.9315636665284115,1229.0,0.6523632863635598
0.6634920634920635,0.7798507462686567,0.7169811320754718,268.0,0.6523632863635598
0.8897795591182365,0.8897795591182365,0.8897795591182365,0.8897795591182365,0.6523632863635598
0.8067883329304649,0.8468008816778596,0.8242723993019416,1497.0,0.6523632863635598
0.8987774544603939,0.8897795591182365,0.8931480892181992,1497.0,0.6523632863635598
