precision,recall,f1-score,support,matthew
0.9448685326547922,0.9049553208773355,0.9244813278008298,1231.0,0.6204668734451798
0.6355140186915887,0.758364312267658,0.6915254237288136,269.0,0.6204668734451798
0.8786666666666667,0.8786666666666667,0.8786666666666667,0.8786666666666667,0.6204668734451798
0.7901912756731905,0.8316598165724968,0.8080033757648217,1500.0,0.6204668734451798
0.8893909564840576,0.8786666666666667,0.8827045690039149,1500.0,0.6204668734451798
