precision,recall,f1-score,support,matthew
0.9274447949526814,0.9553208773354996,0.9411764705882353,1231.0,0.6507048305451345
0.7629310344827587,0.6579925650557621,0.7065868263473055,269.0,0.6507048305451345
0.902,0.902,0.902,0.902,0.6507048305451345
0.84518791471772,0.8066567211956308,0.8238816484677705,1500.0,0.6507048305451345
0.8979419939084086,0.902,0.8991067277210285,1500.0,0.6507048305451345
