precision,recall,f1-score,support,matthew
0.9304897314375987,0.9569455727051178,0.9435322386864238,1231.0,0.66586866177567
0.7735042735042735,0.6728624535315985,0.7196819085487078,269.0,0.66586866177567
0.906,0.906,0.906,0.906,0.66586866177567
0.8519970024709361,0.8149040131183581,0.8316070736175658,1500.0,0.66586866177567
0.9023370059815558,0.906,0.90338841281506,1500.0,0.66586866177567
