precision,recall,f1-score,support,matthew
0.9459459459459459,0.9120521172638436,0.9286898839137644,1228.0,0.636463454162976
0.6549520766773163,0.7620817843866171,0.70446735395189,269.0,0.636463454162976
0.8851035404141616,0.8851035404141616,0.8851035404141616,0.8851035404141616,0.636463454162976
0.8004490113116312,0.8370669508252304,0.8165786189328272,1497.0,0.636463454162976
0.8936564664314093,0.8851035404141616,0.8883987278952312,1497.0,0.636463454162976
