precision,recall,f1-score,support,matthew
0.9110595514307811,0.9585028478437754,0.9341792228390166,1229.0,0.5930142610787522
0.751219512195122,0.5724907063197026,0.6497890295358649,269.0,0.5930142610787522
0.8891855807743658,0.8891855807743658,0.8891855807743658,0.8891855807743658,0.5930142610787522
0.8311395318129515,0.7654967770817389,0.7919841261874407,1498.0,0.5930142610787522
0.8823566338377288,0.8891855807743658,0.8831104898626829,1498.0,0.5930142610787522
