precision,recall,f1-score,support,matthew
0.91725768321513,0.9478827361563518,0.9323187825390469,1228.0,0.5957437277799744
0.7192982456140351,0.6096654275092936,0.6599597585513078,269.0,0.5957437277799744
0.8871075484301937,0.8871075484301937,0.8871075484301937,0.8871075484301937,0.5957437277799744
0.8182779644145826,0.7787740818328227,0.7961392705451773,1497.0,0.5957437277799744
0.8816858136662359,0.8871075484301937,0.883377849036908,1497.0,0.5957437277799744
