precision,recall,f1-score,support,matthew
0.9277204130262113,0.9488220958570268,0.9381526104417671,1231.0,0.6366307767866117
0.7375,0.6604477611940298,0.6968503937007874,268.0,0.6366307767866117
0.8972648432288192,0.8972648432288192,0.8972648432288192,0.8972648432288192,0.6366307767866117
0.8326102065131057,0.8046349285255283,0.8175015020712773,1499.0,0.6366307767866117
0.8937116934191235,0.8972648432288192,0.8950111867682631,1499.0,0.6366307767866117
