precision,recall,f1-score,support,matthew
0.9308975377283558,0.9536208299430431,0.9421221864951768,1229.0,0.6594600222720305
0.7605042016806722,0.6753731343283582,0.7154150197628458,268.0,0.6594600222720305
0.9038076152304609,0.9038076152304609,0.9038076152304609,0.9038076152304609,0.6594600222720305
0.8457008697045141,0.8144969821357007,0.8287686031290113,1497.0,0.6594600222720305
0.9003929191172808,0.9038076152304609,0.9015360003333434,1497.0,0.6594600222720305
