precision,recall,f1-score,support,matthew
0.9194683346364347,0.9568755085435313,0.937799043062201,1229.0,0.6222874993503558
0.7568807339449541,0.6156716417910447,0.6790123456790123,268.0,0.6222874993503558
0.8957915831663327,0.8957915831663327,0.8957915831663327,0.8957915831663327,0.6222874993503558
0.8381745342906944,0.786273575167288,0.8084056943706066,1497.0,0.6222874993503558
0.8903611355814468,0.8957915831663327,0.8914698280330128,1497.0,0.6222874993503558
