precision,recall,f1-score,support,matthew
0.9442567567567568,0.9104234527687296,0.9270315091210612,1228.0,0.627906317802849
0.6485623003194888,0.7546468401486989,0.697594501718213,269.0,0.627906317802849
0.8824315297261189,0.8824315297261189,0.8824315297261189,0.8824315297261189,0.627906317802849
0.7964095285381227,0.8325351464587143,0.8123130054196371,1497.0,0.627906317802849
0.891122615954068,0.8824315297261189,0.8858033494741899,1497.0,0.627906317802849
