precision,recall,f1-score,support,matthew
0.9539249146757679,0.9096826688364524,0.9312786339025406,1229.0,0.6594599885925819
0.6595092024539877,0.7992565055762082,0.7226890756302521,269.0,0.6594599885925819
0.8898531375166889,0.8898531375166889,0.8898531375166889,0.8898531375166889,0.6594599885925819
0.8067170585648777,0.8544695872063304,0.8269838547663964,1498.0,0.6594599885925819
0.9010558715598409,0.8898531375166889,0.8938216304477705,1498.0,0.6594599885925819
