precision,recall,f1-score,support,matthew
0.9267139479905437,0.9584352078239609,0.9423076923076923,1227.0,0.6558580650150984
0.775330396475771,0.654275092936803,0.7096774193548387,269.0,0.6558580650150984
0.9037433155080213,0.9037433155080213,0.9037433155080213,0.9037433155080213,0.6558580650150984
0.8510221722331573,0.8063551503803819,0.8259925558312655,1496.0,0.6558580650150984
0.8994932425376869,0.9037433155080213,0.9004777836015976,1496.0,0.6558580650150984
