precision,recall,f1-score,support,matthew
0.9423558897243107,0.9178193653376729,0.9299258037922505,1229.0,0.6334747908009883
0.6644518272425249,0.7434944237918215,0.7017543859649122,269.0,0.6334747908009883
0.8865153538050734,0.8865153538050734,0.8865153538050734,0.8865153538050734,0.6334747908009883
0.8034038584834178,0.8306568945647472,0.8158400948785813,1498.0,0.6334747908009883
0.8924518891851917,0.8865153538050734,0.8889524316990902,1498.0,0.6334747908009883
