precision,recall,f1-score,support,matthew
0.9491525423728814,0.9120521172638436,0.9302325581395348,1228.0,0.6474799128024054
0.6593059936908517,0.7769516728624535,0.7133105802047781,269.0,0.6474799128024054
0.8877755511022044,0.8877755511022044,0.8877755511022044,0.8877755511022044,0.6474799128024054
0.8042292680318666,0.8445018950631485,0.8217715691721564,1497.0,0.6474799128024054
0.8970692280138527,0.8877755511022044,0.8912532581632826,1497.0,0.6474799128024054
