precision,recall,f1-score,support,matthew
0.9136186770428015,0.952922077922078,0.9328565752880413,1232.0,0.5903697466995222
0.7314814814814815,0.587360594795539,0.6515463917525773,269.0,0.5903697466995222
0.8874083944037309,0.8874083944037309,0.8874083944037309,0.8874083944037309,0.5903697466995222
0.8225500792621415,0.7701413363588085,0.7922014835203093,1501.0,0.5903697466995222
0.88097716764507,0.8874083944037309,0.8824418921627649,1501.0,0.5903697466995222
