precision,recall,f1-score,support,matthew
0.9456521739130435,0.9225122349102773,0.9339388934764659,1226.0,0.6538657153329093
0.6822742474916388,0.758364312267658,0.7183098591549296,269.0,0.6538657153329093
0.8929765886287625,0.8929765886287625,0.8929765886287625,0.8929765886287625,0.6538657153329093
0.8139632107023411,0.8404382735889677,0.8261243763156978,1495.0,0.6538657153329093
0.8982617644097941,0.8929765886287625,0.8951400906453667,1495.0,0.6538657153329093
