precision,recall,f1-score,support,matthew
0.9462457337883959,0.9030944625407166,0.9241666666666667,1228.0,0.6218986696047011
0.6327160493827161,0.7649253731343284,0.6925675675675675,268.0,0.6218986696047011
0.8783422459893048,0.8783422459893048,0.8783422459893048,0.8783422459893048,0.6218986696047011
0.789480891585556,0.8340099178375224,0.8083671171171172,1496.0,0.6218986696047011
0.8900786512879132,0.8783422459893048,0.8826769884858121,1496.0,0.6218986696047011
