precision,recall,f1-score,support,matthew
0.9198113207547169,0.9543230016313213,0.9367493995196157,1226.0,0.6201540716709352
0.7488789237668162,0.620817843866171,0.6788617886178863,269.0,0.6201540716709352
0.894314381270903,0.894314381270903,0.894314381270903,0.894314381270903,0.6201540716709352
0.8343451222607665,0.7875704227487461,0.807805594068751,1495.0,0.6201540716709352
0.8890549229020445,0.894314381270903,0.8903468795647226,1495.0,0.6201540716709352
