precision,recall,f1-score,support,matthew
0.9478553406223718,0.9170056956875509,0.9321753515301904,1229.0,0.6502605320829582
0.6688311688311688,0.7686567164179104,0.7152777777777777,268.0,0.6502605320829582
0.8904475617902472,0.8904475617902472,0.8904475617902472,0.8904475617902472,0.6502605320829582
0.8083432547267703,0.8428312060527307,0.823726564653984,1497.0,0.6502605320829582
0.897903117482731,0.8904475617902472,0.8933453249666322,1497.0,0.6502605320829582
