precision,recall,f1-score,support,matthew
0.9398998330550918,0.9184339314845025,0.9290429042904291,1226.0,0.6265362867352562
0.6632996632996633,0.7323420074349443,0.6961130742049471,269.0,0.6265362867352562
0.8849498327759198,0.8849498327759198,0.8849498327759198,0.8849498327759198,0.6265362867352562
0.8015997481773776,0.8253879694597234,0.8125779892476881,1495.0,0.6265362867352562
0.8901303041827104,0.8849498327759198,0.8871311154656836,1495.0,0.6265362867352562
