precision,recall,f1-score,support,matthew
0.9473067915690867,0.8968957871396895,0.9214123006833713,902.0,0.6469179795316998
0.6555555555555556,0.7972972972972973,0.7195121951219513,222.0,0.6469179795316998
0.8772241992882562,0.8772241992882562,0.8772241992882562,0.8772241992882562,0.6469179795316998
0.8014311735623212,0.8470965422184934,0.8204622479026613,1124.0,0.6469179795316998
0.8896833268048483,0.8772241992882562,0.8815352335707065,1124.0,0.6469179795316998
