precision,recall,f1-score,support,matthew
0.9434180138568129,0.9077777777777778,0.9252548131370328,900.0,0.6533805177328209
0.6770428015564203,0.7802690582959642,0.725,223.0,0.6533805177328209
0.8824577025823687,0.8824577025823687,0.8824577025823687,0.8824577025823687,0.6533805177328209
0.8102304077066166,0.844023418036871,0.8251274065685164,1123.0,0.6533805177328209
0.8905224908443573,0.8824577025823687,0.8854891645799906,1123.0,0.6533805177328209
