precision,recall,f1-score,support,matthew
0.9467455621301775,0.9302325581395349,0.9384164222873901,172.0,0.6665637933761687
0.7,0.7567567567567568,0.7272727272727273,37.0,0.6665637933761687
0.8995215311004785,0.8995215311004785,0.8995215311004785,0.8995215311004785,0.6665637933761687
0.8233727810650887,0.8434946574481459,0.8328445747800587,209.0,0.6665637933761687
0.9030633334277058,0.8995215311004785,0.901036916471397,209.0,0.6665637933761687
