precision,recall,f1-score,support,matthew
0.9349112426035503,0.9186046511627907,0.9266862170087976,172.0,0.6028346841284015
0.65,0.7027027027027027,0.6753246753246753,37.0,0.6028346841284015
0.8803827751196173,0.8803827751196173,0.8803827751196173,0.8803827751196173,0.6028346841284015
0.7924556213017752,0.8106536769327467,0.8010054461667364,209.0,0.6028346841284015
0.8844724101809123,0.8803827751196173,0.8821868053230917,209.0,0.6028346841284015
