precision,recall,f1-score,support,matthew
0.9463869463869464,0.9012208657047724,0.923251847640705,901.0,0.6520478222521018
0.6654135338345865,0.7937219730941704,0.7239263803680982,223.0,0.6520478222521018
0.8798932384341637,0.8798932384341637,0.8798932384341637,0.8798932384341637,0.6520478222521018
0.8059002401107664,0.8474714193994715,0.8235891140044016,1124.0,0.6520478222521018
0.8906422212987112,0.8798932384341637,0.8837059586711398,1124.0,0.6520478222521018
