precision,recall,f1-score,support,matthew
0.9388696655132641,0.9014396456256921,0.9197740112994349,903.0,0.6285726305742628
0.6563706563706564,0.7623318385650224,0.7053941908713693,223.0,0.6285726305742628
0.8738898756660746,0.8738898756660746,0.8738898756660746,0.8738898756660746,0.6285726305742628
0.7976201609419602,0.8318857420953573,0.8125841010854021,1126.0,0.6285726305742628
0.8829218155676144,0.8738898756660746,0.8773169065432549,1126.0,0.6285726305742628
