precision,recall,f1-score,support,matthew
0.9352272727272727,0.9134295227524972,0.9241998877035373,901.0,0.636338771888757
0.680327868852459,0.7443946188340808,0.7109207708779445,223.0,0.636338771888757
0.8798932384341637,0.8798932384341637,0.8798932384341637,0.8798932384341637,0.636338771888757
0.8077775707898658,0.828912070793289,0.817560329290741,1124.0,0.636338771888757
0.8846555938446361,0.8798932384341637,0.881885614525506,1124.0,0.636338771888757
