precision,recall,f1-score,support,matthew
0.9733333333333334,0.948051948051948,0.9605263157894737,154.0,0.4245770369033872
0.38461538461538464,0.5555555555555556,0.4545454545454546,9.0,0.4245770369033872
0.9263803680981595,0.9263803680981595,0.9263803680981595,0.9263803680981595,0.4245770369033872
0.678974358974359,0.7518037518037518,0.7075358851674641,163.0,0.4245770369033872
0.9408274343243669,0.9263803680981595,0.9325887222238531,163.0,0.4245770369033872
