precision,recall,f1-score,support,matthew
0.9666666666666667,0.9294871794871795,0.9477124183006537,156.0,0.29538231539940274
0.26666666666666666,0.4444444444444444,0.33333333333333337,9.0,0.29538231539940274
0.9030303030303031,0.9030303030303031,0.9030303030303031,0.9030303030303031,0.29538231539940274
0.6166666666666667,0.686965811965812,0.6405228758169935,165.0,0.29538231539940274
0.9284848484848486,0.9030303030303031,0.9142008318478907,165.0,0.29538231539940274
