precision,recall,f1-score,support,matthew
0.9314285714285714,0.9421965317919075,0.9367816091954023,173.0,0.6316398587071903
0.7142857142857143,0.6756756756756757,0.6944444444444444,37.0,0.6316398587071903
0.8952380952380953,0.8952380952380953,0.8952380952380953,0.8952380952380953,0.6316398587071903
0.8228571428571428,0.8089361037337917,0.8156130268199233,210.0,0.6316398587071903
0.893170068027211,0.8952380952380953,0.8940841087392812,210.0,0.6316398587071903
