precision,recall,f1-score,support,matthew
0.9384965831435079,0.9125138427464009,0.9253228523301517,903.0,0.6446621797386388
0.6814516129032258,0.757847533632287,0.7176220806794055,223.0,0.6446621797386388
0.8818827708703375,0.8818827708703375,0.8818827708703375,0.8818827708703375,0.6446621797386388
0.8099740980233668,0.835180688189344,0.8214724665047786,1126.0,0.6446621797386388
0.8875898083978747,0.8818827708703375,0.8841885076781832,1126.0,0.6446621797386388
