precision,recall,f1-score,support,matthew
0.9383561643835616,0.914349276974416,0.9261971830985917,899.0,0.6483494074780595
0.6869918699186992,0.757847533632287,0.720682302771855,223.0,0.6483494074780595
0.8832442067736186,0.8832442067736186,0.8832442067736186,0.8832442067736186,0.6483494074780595
0.8126740171511304,0.8360984053033516,0.8234397429352234,1122.0,0.6483494074780595
0.8883969507778002,0.8832442067736186,0.8853506427127965,1122.0,0.6483494074780595
