precision,recall,f1-score,support,matthew
0.949685534591195,0.967948717948718,0.9587301587301587,156.0,0.09591029737302126
0.16666666666666666,0.1111111111111111,0.13333333333333333,9.0,0.09591029737302126
0.9212121212121213,0.9212121212121213,0.9212121212121213,0.9212121212121213,0.09591029737302126
0.5581761006289309,0.5395299145299145,0.546031746031746,165.0,0.09591029737302126
0.9069754145225843,0.9212121212121213,0.9137085137085135,165.0,0.09591029737302126
