precision,recall,f1-score,support,matthew
0.9348571428571428,0.9068736141906873,0.9206527855936972,902.0,0.6232574569511973
0.6626506024096386,0.7432432432432432,0.7006369426751592,222.0,0.6232574569511973
0.8745551601423488,0.8745551601423488,0.8745551601423488,0.8745551601423488,0.6232574569511973
0.7987538726333907,0.8250584287169653,0.8106448641344282,1124.0,0.6232574569511973
0.8810939293523865,0.8745551601423488,0.877197699180961,1124.0,0.6232574569511973
