precision,recall,f1-score,support,matthew
0.9297658862876255,0.922566371681416,0.9261521377012771,904.0,0.6326942841242053
0.6956521739130435,0.7174887892376681,0.7064017660044151,223.0,0.6326942841242053
0.8819875776397516,0.8819875776397516,0.8819875776397516,0.8819875776397516,0.6326942841242053
0.8127090301003345,0.820027580459542,0.8162769518528461,1127.0,0.6326942841242053
0.8834417000768608,0.8819875776397516,0.8826700322102388,1127.0,0.6326942841242053
