precision,recall,f1-score,support,matthew
0.944380069524913,0.902547065337763,0.9229898074745186,903.0,0.646245956563176
0.6641221374045801,0.7837837837837838,0.71900826446281,222.0,0.646245956563176
0.8791111111111111,0.8791111111111111,0.8791111111111111,0.8791111111111111,0.646245956563176
0.8042511034647466,0.8431654245607734,0.8209990359686643,1125.0,0.646245956563176
0.8890758375865007,0.8791111111111111,0.8827374496535415,1125.0,0.646245956563176
