precision,recall,f1-score,support,matthew
0.9504716981132075,0.8955555555555555,0.9221967963386727,900.0,0.6560859268248292
0.6581818181818182,0.8116591928251121,0.7269076305220884,223.0,0.6560859268248292
0.8788958147818343,0.8788958147818343,0.8788958147818343,0.8788958147818343,0.6560859268248292
0.8043267581475129,0.8536073741903338,0.8245522134303805,1123.0,0.6560859268248292
0.8924301636299485,0.8788958147818343,0.8834172024142753,1123.0,0.6560859268248292
