precision,recall,f1-score,support,matthew
0.9454545454545454,0.9069767441860465,0.9258160237388724,172.0,0.6214275651516903
0.6363636363636364,0.7567567567567568,0.691358024691358,37.0,0.6214275651516903
0.8803827751196173,0.8803827751196173,0.8803827751196173,0.8803827751196173,0.6214275651516903
0.7909090909090909,0.8318667504714017,0.8085870242151152,209.0,0.6214275651516903
0.890735102218356,0.8803827751196173,0.8843091052472072,209.0,0.6214275651516903
