precision,recall,f1-score,support,matthew
0.9409038238702202,0.9002217294900222,0.920113314447592,902.0,0.6333736872637913
0.6564885496183206,0.7713004484304933,0.7092783505154638,223.0,0.6333736872637913
0.8746666666666667,0.8746666666666667,0.8746666666666667,0.8746666666666667,0.6333736872637913
0.7986961867442703,0.8357610889602578,0.8146958324815279,1125.0,0.6333736872637913
0.8845263961740659,0.8746666666666667,0.8783211393748235,1125.0,0.6333736872637913
