precision,recall,f1-score,support,matthew
0.9664429530201343,0.935064935064935,0.9504950495049505,154.0,0.3093477609598915
0.2857142857142857,0.4444444444444444,0.34782608695652173,9.0,0.3093477609598915
0.9079754601226994,0.9079754601226994,0.9079754601226994,0.9079754601226994,0.3093477609598915
0.62607861936721,0.6897546897546898,0.6491605682307361,163.0,0.3093477609598915
0.9288567075860691,0.9079754601226994,0.9172188491188408,163.0,0.3093477609598915
