precision,recall,f1-score,support,matthew
0.9361207897793263,0.896551724137931,0.9159090909090909,899.0,0.6138566670637989
0.6436781609195402,0.7533632286995515,0.6942148760330578,223.0,0.6138566670637989
0.8680926916221033,0.8680926916221033,0.8680926916221033,0.8680926916221033,0.6138566670637989
0.7898994753494333,0.8249574764187413,0.8050619834710744,1122.0,0.6138566670637989
0.8779971656833082,0.8680926916221033,0.8718468717314123,1122.0,0.6138566670637989
