precision,recall,f1-score,support,matthew
0.9556962025316456,0.967948717948718,0.9617834394904459,156.0,0.2142644616282748
0.2857142857142857,0.2222222222222222,0.25,9.0,0.2142644616282748
0.9272727272727272,0.9272727272727272,0.9272727272727272,0.9272727272727272,0.2142644616282748
0.6207052441229657,0.5950854700854701,0.6058917197452229,165.0,0.2142644616282748
0.9191517343416079,0.9272727272727272,0.9229588882455125,165.0,0.2142644616282748
