precision,recall,f1-score,support,matthew
0.9371492704826038,0.9257206208425721,0.9313998884551032,902.0,0.6626053883221172
0.7136752136752137,0.7488789237668162,0.7308533916849016,223.0,0.6626053883221172
0.8906666666666667,0.8906666666666667,0.8906666666666667,0.8906666666666667,0.6626053883221172
0.8254122420789087,0.8372997723046942,0.8311266400700024,1125.0,0.6626053883221172
0.8928517463332277,0.8906666666666667,0.8916471162064321,1125.0,0.6626053883221172
