precision,recall,f1-score,support,matthew
0.9594594594594594,0.922077922077922,0.9403973509933775,154.0,0.2018111511481482
0.2,0.3333333333333333,0.25,9.0,0.2018111511481482
0.8895705521472392,0.8895705521472392,0.8895705521472392,0.8895705521472392,0.2018111511481482
0.5797297297297297,0.6277056277056277,0.5951986754966887,163.0,0.2018111511481482
0.9175261150721273,0.8895705521472392,0.9022772518587738,163.0,0.2018111511481482
