precision,recall,f1-score,support,matthew
0.961038961038961,0.9548387096774194,0.9579288025889967,155.0,0.2742701783059939
0.3,0.3333333333333333,0.3157894736842105,9.0,0.2742701783059939
0.9207317073170732,0.9207317073170732,0.9207317073170732,0.9207317073170732,0.2742701783059939
0.6305194805194805,0.6440860215053763,0.6368591381366036,164.0,0.2742701783059939
0.9247624326892618,0.9207317073170732,0.9226894491734902,164.0,0.2742701783059939
