precision,recall,f1-score,support,matthew
0.9166666666666666,0.8901734104046243,0.9032258064516129,173.0,0.4874619185251147
0.5476190476190477,0.6216216216216216,0.5822784810126581,37.0,0.4874619185251147
0.8428571428571429,0.8428571428571429,0.8428571428571429,0.8428571428571429,0.4874619185251147
0.7321428571428572,0.7558975160131229,0.7427521437321355,210.0,0.4874619185251147
0.8516439909297051,0.8428571428571429,0.8466779443504637,210.0,0.4874619185251147
