precision,recall,f1-score,support,matthew
0.9407894736842105,0.9285714285714286,0.934640522875817,154.0,-0.065033247714309
0.0,0.0,0.0,9.0,-0.065033247714309
0.8773006134969326,0.8773006134969326,0.8773006134969326,0.8773006134969326,-0.065033247714309
0.47039473684210525,0.4642857142857143,0.4673202614379085,163.0,-0.065033247714309
0.8888440426218921,0.8773006134969326,0.883034604434821,163.0,-0.065033247714309
