precision,recall,f1-score,support,matthew
0.9371428571428572,0.9121245828698554,0.9244644870349493,899.0,0.6397337078590104
0.6788617886178862,0.7522522522522522,0.7136752136752136,222.0,0.6397337078590104
0.8804638715432649,0.8804638715432649,0.8804638715432649,0.8804638715432649,0.6397337078590104
0.8080023228803717,0.8321884175610539,0.8190698503550815,1121.0,0.6397337078590104
0.8859935286749324,0.8804638715432649,0.8827203133633513,1121.0,0.6397337078590104
