precision,recall,f1-score,support,matthew
0.950920245398773,0.9011627906976745,0.9253731343283582,172.0,0.631028632465507
0.6304347826086957,0.7837837837837838,0.6987951807228915,37.0,0.631028632465507
0.8803827751196173,0.8803827751196173,0.8803827751196173,0.8803827751196173,0.631028632465507
0.7906775140037343,0.8424732872407291,0.8120841575256248,209.0,0.631028632465507
0.8941835845220607,0.8803827751196173,0.8852612478049025,209.0,0.631028632465507
