precision,recall,f1-score,support,matthew
0.9383561643835616,0.9133333333333333,0.9256756756756757,900.0,0.6464169329523382
0.6842105263157895,0.757847533632287,0.7191489361702126,223.0,0.6464169329523382
0.8824577025823687,0.8824577025823687,0.8824577025823687,0.8824577025823687,0.6464169329523382
0.8112833453496755,0.8355904334828101,0.8224123059229441,1123.0,0.6464169329523382
0.8878891320691241,0.8824577025823687,0.8846645778041545,1123.0,0.6464169329523382
