precision,recall,f1-score,support,matthew
0.9302325581395349,0.9302325581395349,0.9302325581395349,172.0,0.6059082338152105
0.6756756756756757,0.6756756756756757,0.6756756756756757,37.0,0.6059082338152105
0.8851674641148325,0.8851674641148325,0.8851674641148325,0.8851674641148325,0.6059082338152105
0.8029541169076053,0.8029541169076053,0.8029541169076053,209.0,0.6059082338152105
0.8851674641148325,0.8851674641148325,0.8851674641148325,209.0,0.6059082338152105
