precision,recall,f1-score,support,matthew
0.9355203619909502,0.9178690344062154,0.9266106442577031,901.0,0.6444867515036439
0.6916666666666667,0.7443946188340808,0.7170626349892008,223.0,0.6444867515036439
0.8834519572953736,0.8834519572953736,0.8834519572953736,0.8834519572953736,0.6444867515036439
0.8135935143288084,0.8311318266201481,0.821836639623452,1124.0,0.6444867515036439
0.8871401359613104,0.8834519572953736,0.8850366175078134,1124.0,0.6444867515036439
