precision,recall,f1-score,support,matthew
0.9671052631578947,0.9545454545454546,0.9607843137254902,154.0,0.3632665251112412
0.36363636363636365,0.4444444444444444,0.39999999999999997,9.0,0.3632665251112412
0.9263803680981595,0.9263803680981595,0.9263803680981595,0.9263803680981595,0.3632665251112412
0.6653708133971292,0.6994949494949495,0.6803921568627451,163.0,0.3632665251112412
0.9337848944726568,0.9263803680981595,0.9298207626608926,163.0,0.3632665251112412
