precision,recall,f1-score,support,matthew
0.941108545034642,0.9055555555555556,0.9229898074745186,900.0,0.64275352073209
0.669260700389105,0.7713004484304933,0.7166666666666667,223.0,0.64275352073209
0.8788958147818343,0.8788958147818343,0.8788958147818343,0.8788958147818343,0.64275352073209
0.8051846227118735,0.8384280019930244,0.8198282370705927,1123.0,0.64275352073209
0.8871262927141124,0.8788958147818343,0.8820191392642329,1123.0,0.64275352073209
