precision,recall,f1-score,support,matthew
0.9440559440559441,0.8970099667774086,0.9199318568994889,903.0,0.637997392665073
0.6529850746268657,0.7847533632286996,0.7128309572301427,223.0,0.637997392665073
0.8747779751332149,0.8747779751332149,0.8747779751332149,0.8747779751332149,0.637997392665073
0.798520509341405,0.8408816650030542,0.8163814070648158,1126.0,0.637997392665073
0.8864104699150165,0.8747779751332149,0.878916314602629,1126.0,0.637997392665073
