precision,recall,f1-score,support,matthew
0.9390103567318757,0.9046563192904656,0.9215132693393562,902.0,0.6342258696743933
0.6640625,0.7623318385650224,0.709812108559499,223.0,0.6342258696743933
0.8764444444444445,0.8764444444444445,0.8764444444444445,0.8764444444444445,0.6342258696743933
0.8015364283659379,0.8334940789277441,0.8156626889494276,1125.0,0.6342258696743933
0.8845095815752462,0.8764444444444445,0.8795493948025489,1125.0,0.6342258696743933
