precision,recall,f1-score,support,matthew
0.9209039548022598,0.9476744186046512,0.9340974212034383,172.0,0.6034504648966655
0.71875,0.6216216216216216,0.6666666666666667,37.0,0.6034504648966655
0.8899521531100478,0.8899521531100478,0.8899521531100478,0.8899521531100478,0.6034504648966655
0.81982697740113,0.7846480201131364,0.8003820439350525,209.0,0.6034504648966655
0.8851159340956397,0.8899521531100478,0.8867532206395122,209.0,0.6034504648966655
