precision,recall,f1-score,support,matthew
0.9332579185520362,0.9136212624584718,0.923335198656967,903.0,0.6297074329774154
0.6776859504132231,0.7354260089686099,0.7053763440860216,223.0,0.6297074329774154
0.8783303730017762,0.8783303730017762,0.8783303730017762,0.8783303730017762,0.6297074329774154
0.8054719344826297,0.8245236357135408,0.8143557713714943,1126.0,0.6297074329774154
0.8826428662474578,0.8783303730017762,0.8801692798565045,1126.0,0.6297074329774154
