precision,recall,f1-score,support,matthew
0.9302857142857143,0.9084821428571429,0.9192546583850931,896.0,0.6129317033344487
0.6625514403292181,0.7252252252252253,0.6924731182795699,222.0,0.6129317033344487
0.872093023255814,0.872093023255814,0.872093023255814,0.872093023255814,0.6129317033344487
0.7964185773074661,0.8168536840411841,0.8058638883323315,1118.0,0.6129317033344487
0.8771220212460522,0.872093023255814,0.874222903551975,1118.0,0.6129317033344487
