precision,recall,f1-score,support,matthew
0.9354094579008074,0.9001109877913429,0.917420814479638,901.0,0.6162779970757085
0.6498054474708171,0.7488789237668162,0.6958333333333334,223.0,0.6162779970757085
0.8701067615658363,0.8701067615658363,0.8701067615658363,0.8701067615658363,0.6162779970757085
0.7926074526858122,0.8244949557790795,0.8066270739064857,1124.0,0.6162779970757085
0.8787460287852489,0.8701067615658363,0.8734581736472306,1124.0,0.6162779970757085
