precision,recall,f1-score,support,matthew
0.9401197604790419,0.9127906976744186,0.9262536873156341,172.0,0.6120249742439539
0.6428571428571429,0.7297297297297297,0.6835443037974683,37.0,0.6120249742439539
0.8803827751196173,0.8803827751196173,0.8803827751196173,0.8803827751196173,0.6120249742439539
0.7914884516680925,0.8212602137020741,0.8048989955565512,209.0,0.6120249742439539
0.8874943209957391,0.8803827751196173,0.8832859974105043,209.0,0.6120249742439539
