precision,recall,f1-score,support,matthew
0.9607843137254902,0.9423076923076923,0.9514563106796117,156.0,0.2410410845153453
0.25,0.3333333333333333,0.28571428571428575,9.0,0.2410410845153453
0.9090909090909091,0.9090909090909091,0.9090909090909091,0.9090909090909091,0.2410410845153453
0.6053921568627452,0.6378205128205128,0.6185852981969487,165.0,0.2410410845153453
0.9220142602495544,0.9090909090909091,0.9151431093178667,165.0,0.2410410845153453
