precision,recall,f1-score,support,matthew
0.9671052631578947,0.9483870967741935,0.9576547231270358,155.0,0.34354294768080107
0.3333333333333333,0.4444444444444444,0.380952380952381,9.0,0.34354294768080107
0.9207317073170732,0.9207317073170732,0.9207317073170732,0.9207317073170732,0.34354294768080107
0.650219298245614,0.696415770609319,0.6693035520397084,164.0,0.34354294768080107
0.9323250962772784,0.9207317073170732,0.9260064238613533,164.0,0.34354294768080107
