precision,recall,f1-score,support,matthew
0.9421965317919075,0.9421965317919075,0.9421965317919075,173.0,0.6719262615216373
0.7297297297297297,0.7297297297297297,0.7297297297297297,37.0,0.6719262615216373
0.9047619047619048,0.9047619047619048,0.9047619047619048,0.9047619047619048,0.6719262615216373
0.8359631307608186,0.8359631307608186,0.8359631307608186,210.0,0.6719262615216373
0.9047619047619048,0.9047619047619048,0.9047619047619048,210.0,0.6719262615216373
