precision,recall,f1-score,support,matthew
0.9317129629629629,0.8954393770856507,0.913216108905275,899.0,0.5982769247232175
0.6356589147286822,0.7354260089686099,0.6819126819126818,223.0,0.5982769247232175
0.8636363636363636,0.8636363636363636,0.8636363636363636,0.8636363636363636,0.5982769247232175
0.7836859388458226,0.8154326930271303,0.7975643954089784,1122.0,0.5982769247232175
0.8728715612194294,0.8636363636363636,0.8672440374085296,1122.0,0.5982769247232175
