precision,recall,f1-score,support,matthew
0.9137931034482759,0.9244186046511628,0.9190751445086706,172.0,0.5305604121313376
0.6285714285714286,0.5945945945945946,0.611111111111111,37.0,0.5305604121313376
0.8660287081339713,0.8660287081339713,0.8660287081339713,0.8660287081339713,0.5305604121313376
0.7711822660098522,0.7595065996228787,0.7650931278098908,209.0,0.5305604121313376
0.8632993141160111,0.8660287081339713,0.8645551960124519,209.0,0.5305604121313376
