precision,recall,f1-score,support,matthew
0.9428571428571428,0.953757225433526,0.9482758620689655,173.0,0.6987166578619363
0.7714285714285715,0.7297297297297297,0.75,37.0,0.6987166578619363
0.9142857142857143,0.9142857142857143,0.9142857142857143,0.9142857142857143,0.6987166578619363
0.8571428571428572,0.8417434775816279,0.8491379310344828,210.0,0.6987166578619363
0.9126530612244897,0.9142857142857143,0.9133415435139574,210.0,0.6987166578619363
