precision,recall,f1-score,support,matthew
0.9390243902439024,0.9005847953216374,0.9194029850746269,171.0,0.5902119116017318
0.6136363636363636,0.7297297297297297,0.6666666666666666,37.0,0.5902119116017318
0.8701923076923077,0.8701923076923077,0.8701923076923077,0.8701923076923077,0.5902119116017318
0.7763303769401331,0.8151572625256835,0.7930348258706468,208.0,0.5902119116017318
0.8811428662800613,0.8701923076923077,0.8744450822809031,208.0,0.5902119116017318
