precision,recall,f1-score,support,matthew
0.9426751592356688,0.9487179487179487,0.9456869009584664,156.0,-0.05421932703208199
0.0,0.0,0.0,9.0,-0.05421932703208199
0.896969696969697,0.896969696969697,0.896969696969697,0.896969696969697,-0.05421932703208199
0.4713375796178344,0.47435897435897434,0.4728434504792332,165.0,-0.05421932703208199
0.8912565141864505,0.896969696969697,0.8941039790880045,165.0,-0.05421932703208199
