precision,recall,f1-score,support,matthew
0.9401197604790419,0.9075144508670521,0.9235294117647059,173.0,0.6016408668955919
0.627906976744186,0.7297297297297297,0.675,37.0,0.6016408668955919
0.8761904761904762,0.8761904761904762,0.8761904761904762,0.8761904761904762,0.6016408668955919
0.784013368611614,0.818622090298391,0.799264705882353,210.0,0.6016408668955919
0.8851108414400435,0.8761904761904762,0.8797408963585435,210.0,0.6016408668955919
