precision,recall,f1-score,support,matthew
0.954248366013072,0.9358974358974359,0.9449838187702266,156.0,0.1382716298770198
0.16666666666666666,0.2222222222222222,0.1904761904761905,9.0,0.1382716298770198
0.896969696969697,0.896969696969697,0.896969696969697,0.896969696969697,0.1382716298770198
0.5604575163398693,0.579059829059829,0.5677300046232086,165.0,0.1382716298770198
0.9112893642305407,0.896969696969697,0.9038288572269156,165.0,0.1382716298770198
