precision,recall,f1-score,support,matthew
0.9221556886227545,0.8953488372093024,0.9085545722713864,172.0,0.518178151340809
0.5714285714285714,0.6486486486486487,0.6075949367088608,37.0,0.518178151340809
0.8516746411483254,0.8516746411483254,0.8516746411483254,0.8516746411483254,0.518178151340809
0.746792130025663,0.7719987429289755,0.7580747544901236,209.0,0.518178151340809
0.8600652420381384,0.8516746411483254,0.8552746367890255,209.0,0.518178151340809
