precision,recall,f1-score,support,matthew
0.9414466130884042,0.9090909090909091,0.924985899605189,902.0,0.6487667040556842
0.6771653543307087,0.7713004484304933,0.721174004192872,223.0,0.6487667040556842
0.8817777777777778,0.8817777777777778,0.8817777777777778,0.8817777777777778,0.6487667040556842
0.8093059837095564,0.8401956787607012,0.8230799518990305,1125.0,0.6487667040556842
0.8890601946857676,0.8817777777777778,0.8845858527812362,1125.0,0.6487667040556842
