precision,recall,f1-score,support,matthew
0.9457831325301205,0.9127906976744186,0.9289940828402367,172.0,0.6322053648382288
0.6511627906976745,0.7567567567567568,0.7000000000000001,37.0,0.6322053648382288
0.8851674641148325,0.8851674641148325,0.8851674641148325,0.8851674641148325,0.6322053648382288
0.7984729616138975,0.8347737272155877,0.8144970414201184,209.0,0.6322053648382288
0.8936254643588262,0.8851674641148325,0.8884544605192378,209.0,0.6322053648382288
