precision,recall,f1-score,support,matthew
0.9405714285714286,0.9144444444444444,0.9273239436619718,900.0,0.6551746484321214
0.6895161290322581,0.7668161434977578,0.7261146496815286,223.0,0.6551746484321214
0.8851291184327693,0.8851291184327693,0.8851291184327693,0.8851291184327693,0.6551746484321214
0.8150437788018434,0.8406302939711011,0.8267192966717503,1123.0,0.6551746484321214
0.8907180609870697,0.8851291184327693,0.8873687588377164,1123.0,0.6551746484321214
