precision,recall,f1-score,support,matthew
0.9337142857142857,0.9087875417130145,0.9210822998872604,899.0,0.6247729764192864
0.6680161943319838,0.7399103139013453,0.7021276595744681,223.0,0.6247729764192864
0.875222816399287,0.875222816399287,0.875222816399287,0.875222816399287,0.6247729764192864
0.8008652400231348,0.8243489278071798,0.8116049797308642,1122.0,0.6247729764192864
0.8809061980331331,0.875222816399287,0.8775645772582474,1122.0,0.6247729764192864
