precision,recall,f1-score,support,matthew
0.9668874172185431,0.9605263157894737,0.9636963696369637,152.0,0.38545904616606425
0.4,0.4444444444444444,0.4210526315789474,9.0,0.38545904616606425
0.9316770186335404,0.9316770186335404,0.9316770186335404,0.9316770186335404,0.38545904616606425
0.6834437086092715,0.702485380116959,0.6923745006079556,161.0,0.38545904616606425
0.9351980584920406,0.9316770186335404,0.9333622476337206,161.0,0.38545904616606425
