precision,recall,f1-score,support,matthew
0.9554140127388535,0.974025974025974,0.9646302250803858,154.0,0.23804652032348708
0.3333333333333333,0.2222222222222222,0.26666666666666666,9.0,0.23804652032348708
0.9325153374233128,0.9325153374233128,0.9325153374233128,0.9325153374233128,0.23804652032348708
0.6443736730360934,0.5981240981240981,0.6156484458735262,163.0,0.23804652032348708
0.9210659997655425,0.9325153374233128,0.9260923598918982,163.0,0.23804652032348708
