precision,recall,f1-score,support,matthew
0.9529411764705882,0.9418604651162791,0.9473684210526314,172.0,0.7109385742262472
0.7435897435897436,0.7837837837837838,0.7631578947368421,37.0,0.7109385742262472
0.9138755980861244,0.9138755980861244,0.9138755980861244,0.9138755980861244,0.7109385742262472
0.8482654600301659,0.8628221244500314,0.8552631578947367,209.0,0.7109385742262472
0.9158789610801995,0.9138755980861244,0.9147569881641902,209.0,0.7109385742262472
