precision,recall,f1-score,support,matthew
0.94375,0.9741935483870968,0.9587301587301588,155.0,-0.038100038100057146
0.0,0.0,0.0,9.0,-0.038100038100057146
0.9207317073170732,0.9207317073170732,0.9207317073170732,0.9207317073170732,-0.038100038100057146
0.471875,0.4870967741935484,0.4793650793650794,164.0,-0.038100038100057146
0.8919588414634146,0.9207317073170732,0.9061169183120403,164.0,-0.038100038100057146
