precision,recall,f1-score,support,matthew
0.9461077844311377,0.9132947976878613,0.9294117647058824,173.0,0.6326152679860735
0.6511627906976745,0.7567567567567568,0.7000000000000001,37.0,0.6326152679860735
0.8857142857142857,0.8857142857142857,0.8857142857142857,0.8857142857142857,0.6326152679860735
0.798635287564406,0.8350257772223091,0.8147058823529412,210.0,0.6326152679860735
0.8941412855352419,0.8857142857142857,0.8889915966386555,210.0,0.6326152679860735
