precision,recall,f1-score,support,matthew
0.9512195121951219,0.9017341040462428,0.9258160237388723,173.0,0.6314542134004465
0.6304347826086957,0.7837837837837838,0.6987951807228915,37.0,0.6314542134004465
0.8809523809523809,0.8809523809523809,0.8809523809523809,0.8809523809523809,0.6314542134004465
0.7908271474019088,0.8427589439150133,0.8123056022308819,210.0,0.6314542134004465
0.8947002979346564,0.8809523809523809,0.8858171133027233,210.0,0.6314542134004465
