precision,recall,f1-score,support,matthew
0.9666666666666667,0.9415584415584416,0.9539473684210527,154.0,0.32542795808497443
0.3076923076923077,0.4444444444444444,0.3636363636363637,9.0,0.32542795808497443
0.9141104294478528,0.9141104294478528,0.9141104294478528,0.9141104294478528,0.32542795808497443
0.6371794871794871,0.6930014430014431,0.6587918660287082,163.0,0.32542795808497443
0.930281579361334,0.9141104294478528,0.9213535092611619,163.0,0.32542795808497443
