precision,recall,f1-score,support,matthew
0.9444444444444444,0.8895348837209303,0.9161676646706587,172.0,0.5908635341222547
0.5957446808510638,0.7567567567567568,0.6666666666666666,37.0,0.5908635341222547
0.8660287081339713,0.8660287081339713,0.8660287081339713,0.8660287081339713,0.5908635341222547
0.7700945626477541,0.8231458202388435,0.7914171656686626,209.0,0.5908635341222547
0.8827129073489655,0.8660287081339713,0.871997631531196,209.0,0.5908635341222547
