precision,recall,f1-score,support,matthew
0.9573170731707317,0.9075144508670521,0.9317507418397626,173.0,0.661674219055436
0.6521739130434783,0.8108108108108109,0.7228915662650603,37.0,0.661674219055436
0.8904761904761904,0.8904761904761904,0.8904761904761904,0.8904761904761904,0.661674219055436
0.804745493107105,0.8591626308389315,0.8273211540524115,210.0,0.661674219055436
0.9035537544816441,0.8904761904761904,0.8949517442385054,210.0,0.661674219055436
