precision,recall,f1-score,support,matthew
0.9651162790697675,0.9595375722543352,0.9623188405797102,173.0,0.7890976142693249
0.8157894736842105,0.8378378378378378,0.8266666666666665,37.0,0.7890976142693249
0.9380952380952381,0.9380952380952381,0.9380952380952381,0.9380952380952381,0.7890976142693249
0.890452876376989,0.8986877050460865,0.8944927536231884,210.0,0.7890976142693249
0.9388063181208836,0.9380952380952381,0.9384182194616978,210.0,0.7890976142693249
