precision,recall,f1-score,support,matthew
0.9330306469920545,0.9133333333333333,0.9230769230769231,900.0,0.6294506319526009
0.6776859504132231,0.7354260089686099,0.7053763440860216,223.0,0.6294506319526009
0.8780053428317008,0.8780053428317008,0.8780053428317008,0.8780053428317008,0.6294506319526009
0.8053582987026389,0.8243796711509717,0.8142266335814723,1123.0,0.6294506319526009
0.8823255113401584,0.8780053428317008,0.8798469772933336,1123.0,0.6294506319526009
