precision,recall,f1-score,support,matthew
0.9431171786120591,0.9211111111111111,0.9319842608206858,900.0,0.6741433003818897
0.7090163934426229,0.7757847533632287,0.7408993576017131,223.0,0.6741433003818897
0.8922528940338379,0.8922528940338379,0.8922528940338379,0.8922528940338379,0.6741433003818897
0.826066786027341,0.8484479322371699,0.8364418092111994,1123.0,0.6741433003818897
0.8966305578704881,0.8922528940338379,0.8940395293711481,1123.0,0.6741433003818897
