precision,recall,f1-score,support,matthew
0.9419354838709677,0.948051948051948,0.9449838187702265,154.0,-0.054921202647151376
0.0,0.0,0.0,9.0,-0.054921202647151376
0.8957055214723927,0.8957055214723927,0.8957055214723927,0.8957055214723927,-0.054921202647151376
0.47096774193548385,0.474025974025974,0.47249190938511326,163.0,-0.054921202647151376
0.8899267761725708,0.8957055214723927,0.8928067981019318,163.0,-0.054921202647151376
