precision,recall,f1-score,support,matthew
0.9377123442808607,0.92,0.9287717330342121,900.0,0.6552953861630039
0.7,0.7533632286995515,0.7257019438444924,223.0,0.6552953861630039
0.8869100623330365,0.8869100623330365,0.8869100623330365,0.8869100623330365,0.6552953861630039
0.8188561721404304,0.8366816143497757,0.8272368384393523,1123.0,0.6552953861630039
0.8905085573043408,0.8869100623330365,0.8884470999181769,1123.0,0.6552953861630039
