precision,recall,f1-score,support,matthew
0.9675324675324676,0.9551282051282052,0.9612903225806452,156.0,0.363766418634276
0.36363636363636365,0.4444444444444444,0.39999999999999997,9.0,0.363766418634276
0.9272727272727272,0.9272727272727272,0.9272727272727272,0.9272727272727272,0.363766418634276
0.6655844155844156,0.6997863247863247,0.6806451612903226,165.0,0.363766418634276
0.9345926800472255,0.9272727272727272,0.930674486803519,165.0,0.363766418634276
