precision,recall,f1-score,support,matthew
0.950530035335689,0.8976640711902113,0.9233409610983981,899.0,0.6586314937309775
0.6617647058823529,0.8108108108108109,0.728744939271255,222.0,0.6586314937309775
0.8804638715432649,0.8804638715432649,0.8804638715432649,0.8804638715432649,0.6586314937309775
0.806147370609021,0.8542374410005111,0.8260429501848265,1121.0,0.6586314937309775
0.8933436810639311,0.8804638715432649,0.8848036579354849,1121.0,0.6586314937309775
