precision,recall,f1-score,support,matthew
0.9512195121951219,0.9069767441860465,0.9285714285714286,172.0,0.6414523748345975
0.6444444444444445,0.7837837837837838,0.7073170731707318,37.0,0.6414523748345975
0.8851674641148325,0.8851674641148325,0.8851674641148325,0.8851674641148325,0.6414523748345975
0.7978319783197831,0.8453802639849151,0.8179442508710801,209.0,0.6414523748345975
0.8969100504402172,0.8851674641148325,0.8894019972325493,209.0,0.6414523748345975
