precision,recall,f1-score,support,matthew
0.9532163742690059,0.9055555555555556,0.9287749287749288,900.0,0.67861251117972
0.6816479400749064,0.8198198198198198,0.7443762781186094,222.0,0.67861251117972
0.8885918003565062,0.8885918003565062,0.8885918003565062,0.8885918003565062,0.67861251117972
0.817432157171956,0.8626876876876877,0.8365756034467691,1122.0,0.67861251117972
0.8994835824765905,0.8885918003565062,0.892289634260042,1122.0,0.67861251117972
