precision,recall,f1-score,support,matthew
0.930635838150289,0.936046511627907,0.9333333333333332,172.0,0.6183651653426088
0.6944444444444444,0.6756756756756757,0.684931506849315,37.0,0.6183651653426088
0.8899521531100478,0.8899521531100478,0.8899521531100478,0.8899521531100478,0.6183651653426088
0.8125401412973667,0.8058610936517914,0.8091324200913241,209.0,0.6183651653426088
0.888822050747819,0.8899521531100478,0.8893578903672629,209.0,0.6183651653426088
