precision,recall,f1-score,support,matthew
0.9415137614678899,0.9101995565410199,0.9255918827508455,902.0,0.6507333436161634
0.6798418972332015,0.7713004484304933,0.7226890756302521,223.0,0.6507333436161634
0.8826666666666667,0.8826666666666667,0.8826666666666667,0.8826666666666667,0.6507333436161634
0.8106778293505457,0.8407500024857566,0.8241404791905488,1125.0,0.6507333436161634
0.8896445830462583,0.8826666666666667,0.8853720374282745,1125.0,0.6507333436161634
