precision,recall,f1-score,support,matthew
0.9408352668213457,0.9001109877913429,0.920022688598979,901.0,0.6332851186355676
0.6564885496183206,0.7713004484304933,0.7092783505154638,223.0,0.6332851186355676
0.8745551601423488,0.8745551601423488,0.8745551601423488,0.8745551601423488,0.6332851186355676
0.7986619082198332,0.8357057181109181,0.8146505195572213,1124.0,0.6332851186355676
0.8844212828922758,0.8745551601423488,0.87821131191515,1124.0,0.6332851186355676
