precision,recall,f1-score,support,matthew
0.967741935483871,0.974025974025974,0.970873786407767,154.0,0.4424207991020528
0.5,0.4444444444444444,0.47058823529411764,9.0,0.4424207991020528
0.9447852760736196,0.9447852760736196,0.9447852760736196,0.9447852760736196,0.4424207991020528
0.7338709677419355,0.7092352092352092,0.7207310108509424,163.0,0.4424207991020528
0.9419156936473382,0.9447852760736196,0.9432506578186699,163.0,0.4424207991020528
