precision,recall,f1-score,support,matthew
0.9310344827586207,0.9418604651162791,0.9364161849710984,172.0,0.6312753314187578
0.7142857142857143,0.6756756756756757,0.6944444444444444,37.0,0.6312753314187578
0.8947368421052632,0.8947368421052632,0.8947368421052632,0.8947368421052632,0.6312753314187578
0.8226600985221675,0.8087680703959774,0.8154303147077714,209.0,0.6312753314187578
0.8926626912107856,0.8947368421052632,0.8935790825812122,209.0,0.6312753314187578
