precision,recall,f1-score,support,matthew
0.9364161849710982,0.9,0.9178470254957507,900.0,0.6195986577284723
0.6511627906976745,0.7533632286995515,0.6985446985446986,223.0,0.6195986577284723
0.8708815672306323,0.8708815672306323,0.8708815672306323,0.8708815672306323,0.6195986577284723
0.7937894878343863,0.8266816143497757,0.8081958620202246,1123.0,0.6195986577284723
0.8797719223504629,0.8708815672306323,0.8742990122187385,1123.0,0.6195986577284723
