precision,recall,f1-score,support,matthew
0.9204545454545454,0.9418604651162791,0.9310344827586208,172.0,0.5898368422909674
0.696969696969697,0.6216216216216216,0.6571428571428571,37.0,0.5898368422909674
0.8851674641148325,0.8851674641148325,0.8851674641148325,0.8851674641148325,0.5898368422909674
0.8087121212121212,0.7817410433689503,0.794088669950739,209.0,0.5898368422909674
0.8808902421342613,0.8851674641148325,0.8825464916209018,209.0,0.5898368422909674
