precision,recall,f1-score,support,matthew
0.9357060849598163,0.9065628476084538,0.92090395480226,899.0,0.6276542222870978
0.6653386454183267,0.7488789237668162,0.7046413502109705,223.0,0.6276542222870978
0.875222816399287,0.875222816399287,0.875222816399287,0.875222816399287,0.6276542222870978
0.8005223651890715,0.827720885687635,0.8127726525066152,1122.0,0.6276542222870978
0.8819699539279516,0.875222816399287,0.8779212802711926,1122.0,0.6276542222870978
