precision,recall,f1-score,support,matthew
0.9462616822429907,0.9010011123470523,0.9230769230769232,899.0,0.6518779743183083
0.6654135338345865,0.7937219730941704,0.7239263803680982,223.0,0.6518779743183083
0.8796791443850267,0.8796791443850267,0.8796791443850267,0.8796791443850267,0.6518779743183083
0.8058376080387886,0.8473615427206114,0.8235016517225107,1122.0,0.6518779743183083
0.8904424869710886,0.8796791443850267,0.883495308973476,1122.0,0.6518779743183083
