precision,recall,f1-score,support,matthew
0.9257142857142857,0.9364161849710982,0.9310344827586206,173.0,0.5981014591298174
0.6857142857142857,0.6486486486486487,0.6666666666666667,37.0,0.5981014591298174
0.8857142857142857,0.8857142857142857,0.8857142857142857,0.8857142857142857,0.5981014591298174
0.8057142857142857,0.7925324168098735,0.7988505747126436,210.0,0.5981014591298174
0.8834285714285713,0.8857142857142857,0.884455391351943,210.0,0.5981014591298174
