precision,recall,f1-score,support,matthew
0.9627329192546584,0.8959537572254336,0.9281437125748503,173.0,0.6609759665026436
0.6326530612244898,0.8378378378378378,0.7209302325581396,37.0,0.6609759665026436
0.8857142857142857,0.8857142857142857,0.8857142857142857,0.8857142857142857,0.6609759665026436
0.7976929902395742,0.8668957975316357,0.8245369725664949,210.0,0.6609759665026436
0.9045759918874381,0.8857142857142857,0.8916346708576203,210.0,0.6609759665026436
