precision,recall,f1-score,support,matthew
0.9263803680981595,0.877906976744186,0.9014925373134329,172.0,0.5100054765258043
0.5434782608695652,0.6756756756756757,0.6024096385542168,37.0,0.5100054765258043
0.8421052631578947,0.8421052631578947,0.8421052631578947,0.8421052631578947,0.5100054765258043
0.7349293144838623,0.7767913262099309,0.7519510879338249,209.0,0.5100054765258043
0.8585938706462074,0.8421052631578947,0.8485448471024711,209.0,0.5100054765258043
