precision,recall,f1-score,support,matthew
0.9195402298850575,0.935672514619883,0.927536231884058,171.0,0.576327453861929
0.6764705882352942,0.6216216216216216,0.6478873239436619,37.0,0.576327453861929
0.8798076923076923,0.8798076923076923,0.8798076923076923,0.8798076923076923,0.576327453861929
0.7980054090601758,0.7786470681207522,0.7877117779138599,208.0,0.576327453861929
0.8763018801685131,0.8798076923076923,0.8777909934523529,208.0,0.576327453861929
