precision,recall,f1-score,support,matthew
0.9539007092198581,0.8956714761376249,0.9238694905552376,901.0,0.6662115141237396
0.6618705035971223,0.8251121076233184,0.7345309381237526,223.0,0.6662115141237396
0.8816725978647687,0.8816725978647687,0.8816725978647687,0.8816725978647687,0.6662115141237396
0.8078856064084903,0.8603917918804717,0.8292002143394951,1124.0,0.6662115141237396
0.8959623321256677,0.8816725978647687,0.886304991273902,1124.0,0.6662115141237396
