precision,recall,f1-score,support,matthew
0.9431554524361949,0.9043381535038932,0.9233390119250425,899.0,0.6474905588192539
0.6692307692307692,0.7802690582959642,0.7204968944099379,223.0,0.6474905588192539
0.8796791443850267,0.8796791443850267,0.8796791443850267,0.8796791443850267,0.6474905588192539
0.8061931108334821,0.8423036058999287,0.8219179531674903,1122.0,0.6474905588192539
0.8887123113000007,0.8796791443850267,0.883023689103413,1122.0,0.6474905588192539
