precision,recall,f1-score,support,matthew
0.9356321839080459,0.9014396456256921,0.9182177100958827,903.0,0.6183620850086982
0.65234375,0.7488789237668162,0.697286012526096,223.0,0.6183620850086982
0.8712255772646537,0.8712255772646537,0.8712255772646537,0.8712255772646537,0.6183620850086982
0.793987966954023,0.8251592846962541,0.8077518613109893,1126.0,0.6183620850086982
0.8795279914022784,0.8712255772646537,0.8744630310922749,1126.0,0.6183620850086982
