precision,recall,f1-score,support,matthew
0.9396751740139211,0.9,0.9194097616345062,900.0,0.6298047113752199
0.6551724137931034,0.7668161434977578,0.7066115702479339,223.0,0.6298047113752199
0.8735529830810329,0.8735529830810329,0.8735529830810329,0.8735529830810329,0.6298047113752199
0.7974237939035123,0.833408071748879,0.81301066594122,1123.0,0.6298047113752199
0.8831799687340972,0.8735529830810329,0.877153308669942,1123.0,0.6298047113752199
