precision,recall,f1-score,support,matthew
0.935672514619883,0.9248554913294798,0.9302325581395349,173.0,0.6148193952723112
0.6666666666666666,0.7027027027027027,0.6842105263157895,37.0,0.6148193952723112
0.8857142857142857,0.8857142857142857,0.8857142857142857,0.8857142857142857,0.6148193952723112
0.8011695906432748,0.8137790970160912,0.8072215422276622,210.0,0.6148193952723112
0.888276246170983,0.8857142857142857,0.8868858191991607,210.0,0.6148193952723112
