precision,recall,f1-score,support,matthew
0.9376443418013857,0.9032258064516129,0.920113314447592,899.0,0.6286414191940219
0.66015625,0.757847533632287,0.7056367432150312,223.0,0.6286414191940219
0.8743315508021391,0.8743315508021391,0.8743315508021391,0.8743315508021391,0.6286414191940219
0.7989002959006928,0.8305366700419499,0.8128750288313116,1122.0,0.6286414191940219
0.8824929652668856,0.8743315508021391,0.8774856180261472,1122.0,0.6286414191940219
