precision,recall,f1-score,support,matthew
0.9327146171693735,0.8903654485049833,0.9110481586402266,903.0,0.5928861657532419
0.625,0.7399103139013453,0.677618069815195,223.0,0.5928861657532419
0.8605683836589698,0.8605683836589698,0.8605683836589698,0.8605683836589698,0.5928861657532419
0.7788573085846868,0.8151378812031643,0.7943331142277108,1126.0,0.5928861657532419
0.8717729123480855,0.8605683836589698,0.8648182209777203,1126.0,0.5928861657532419
