precision,recall,f1-score,support,matthew
0.95625,0.9870967741935484,0.9714285714285715,155.0,0.3090336423671302
0.5,0.2222222222222222,0.30769230769230765,9.0,0.3090336423671302
0.9451219512195121,0.9451219512195121,0.9451219512195121,0.9451219512195121,0.3090336423671302
0.728125,0.6046594982078852,0.6395604395604396,164.0,0.3090336423671302
0.9312118902439024,0.9451219512195121,0.9350040203698742,164.0,0.3090336423671302
