precision,recall,f1-score,support,matthew
0.9470588235294117,0.930635838150289,0.9387755102040817,173.0,0.6669208676922491
0.7,0.7567567567567568,0.7272727272727273,37.0,0.6669208676922491
0.9,0.9,0.9,0.9,0.6669208676922491
0.8235294117647058,0.8436962974535229,0.8330241187384044,210.0,0.6669208676922491
0.9035294117647059,0.9,0.9015107341637955,210.0,0.6669208676922491
