precision,recall,f1-score,support,matthew
0.9615384615384616,0.9615384615384616,0.9615384615384616,156.0,0.2948717948717949
0.3333333333333333,0.3333333333333333,0.3333333333333333,9.0,0.2948717948717949
0.9272727272727272,0.9272727272727272,0.9272727272727272,0.9272727272727272,0.2948717948717949
0.6474358974358975,0.6474358974358975,0.6474358974358975,165.0,0.2948717948717949
0.9272727272727272,0.9272727272727272,0.9272727272727272,165.0,0.2948717948717949
