precision,recall,f1-score,support,matthew
0.9415204678362573,0.9415204678362573,0.9415204678362573,171.0,0.671250197565987
0.7297297297297297,0.7297297297297297,0.7297297297297297,37.0,0.671250197565987
0.9038461538461539,0.9038461538461539,0.9038461538461539,0.9038461538461539,0.671250197565987
0.8356250987829935,0.8356250987829935,0.8356250987829935,208.0,0.671250197565987
0.9038461538461539,0.9038461538461539,0.9038461538461539,208.0,0.671250197565987
