precision,recall,f1-score,support,matthew
0.9436781609195403,0.9091915836101883,0.9261139311900733,903.0,0.6555807263181547
0.6796875,0.7802690582959642,0.7265135699373695,223.0,0.6555807263181547
0.8836589698046181,0.8836589698046181,0.8836589698046181,0.8836589698046181,0.6555807263181547
0.8116828304597701,0.8447303209530762,0.8263137505637215,1126.0,0.6555807263181547
0.8913958186592761,0.8836589698046181,0.8865838418833656,1126.0,0.6555807263181547
