precision,recall,f1-score,support,matthew
0.9515151515151515,0.9127906976744186,0.9317507418397627,172.0,0.6521752832190916
0.6590909090909091,0.7837837837837838,0.7160493827160493,37.0,0.6521752832190916
0.8899521531100478,0.8899521531100478,0.8899521531100478,0.8899521531100478,0.6521752832190916
0.8053030303030303,0.8482872407291011,0.823900062277906,209.0,0.6521752832190916
0.8997462664926779,0.8899521531100478,0.8935643768274307,209.0,0.6521752832190916
