precision,recall,f1-score,support,matthew
0.9426751592356688,0.961038961038961,0.9517684887459807,154.0,-0.047259235652456995
0.0,0.0,0.0,9.0,-0.047259235652456995
0.9079754601226994,0.9079754601226994,0.9079754601226994,0.9079754601226994,-0.047259235652456995
0.4713375796178344,0.4805194805194805,0.4758842443729904,163.0,-0.047259235652456995
0.8906256105662147,0.9079754601226994,0.8992168543980431,163.0,-0.047259235652456995
