precision,recall,f1-score,support,matthew
0.9473684210526315,0.9364161849710982,0.941860465116279,173.0,0.679102229729461
0.717948717948718,0.7567567567567568,0.736842105263158,37.0,0.679102229729461
0.9047619047619048,0.9047619047619048,0.9047619047619048,0.9047619047619048,0.679102229729461
0.8326585695006747,0.8465864708639275,0.8393512851897185,210.0,0.679102229729461
0.9069468543152753,0.9047619047619048,0.9057381826659672,210.0,0.679102229729461
