precision,recall,f1-score,support,matthew
0.9481132075471698,0.8943270300333704,0.9204350314825415,899.0,0.647444912046896
0.6532846715328468,0.8026905829596412,0.7203219315895373,223.0,0.647444912046896
0.8761140819964349,0.8761140819964349,0.8761140819964349,0.8761140819964349,0.647444912046896
0.8006989395400083,0.8485088064965058,0.8203784815360393,1122.0,0.647444912046896
0.889515379087995,0.8761140819964349,0.8806621069940032,1122.0,0.647444912046896
