precision,recall,f1-score,support,matthew
0.9386503067484663,0.8895348837209303,0.9134328358208955,172.0,0.5705170544956556
0.5869565217391305,0.7297297297297297,0.6506024096385542,37.0,0.5705170544956556
0.861244019138756,0.861244019138756,0.861244019138756,0.861244019138756,0.5705170544956556
0.7628034142437984,0.8096323067253299,0.7820176227297249,209.0,0.5705170544956556
0.8763887275841341,0.861244019138756,0.8669030474536867,209.0,0.5705170544956556
