precision,recall,f1-score,support,matthew
0.9617834394904459,0.8728323699421965,0.9151515151515152,173.0,0.6233102407261832
0.5849056603773585,0.8378378378378378,0.6888888888888889,37.0,0.6233102407261832
0.8666666666666667,0.8666666666666667,0.8666666666666667,0.8666666666666667,0.6233102407261832
0.7733445499339022,0.8553351038900172,0.8020202020202021,210.0,0.6233102407261832
0.8953811641229019,0.8666666666666667,0.8752861952861952,210.0,0.6233102407261832
