precision,recall,f1-score,support,matthew
0.9612903225806452,0.9738562091503268,0.9675324675324675,153.0,0.34606567724679677
0.42857142857142855,0.3333333333333333,0.375,9.0,0.34606567724679677
0.9382716049382716,0.9382716049382716,0.9382716049382716,0.9382716049382716,0.34606567724679677
0.6949308755760368,0.6535947712418301,0.6712662337662337,162.0,0.34606567724679677
0.9316948284690222,0.9382716049382716,0.9346139971139972,162.0,0.34606567724679677
