precision,recall,f1-score,support,matthew
0.95,0.8786127167630058,0.9129129129129129,173.0,0.592511725866922
0.58,0.7837837837837838,0.6666666666666666,37.0,0.592511725866922
0.861904761904762,0.861904761904762,0.861904761904762,0.861904761904762,0.592511725866922
0.7649999999999999,0.8311982502733948,0.7897897897897898,210.0,0.592511725866922
0.8848095238095238,0.861904761904762,0.8695266695266695,210.0,0.592511725866922
