precision,recall,f1-score,support,matthew
0.9503105590062112,0.9870967741935484,0.9683544303797468,155.0,0.16690136861706428
0.3333333333333333,0.1111111111111111,0.16666666666666666,9.0,0.16690136861706428
0.9390243902439024,0.9390243902439024,0.9390243902439024,0.9390243902439024,0.16690136861706428
0.6418219461697723,0.5491039426523298,0.5675105485232067,164.0,0.16690136861706428
0.916452052719285,0.9390243902439024,0.9243593701759802,164.0,0.16690136861706428
