precision,recall,f1-score,support,matthew
0.9387060158910329,0.9168514412416852,0.9276500280426248,902.0,0.6526538183815036
0.6926229508196722,0.757847533632287,0.7237687366167024,223.0,0.6526538183815036
0.8853333333333333,0.8853333333333333,0.8853333333333333,0.8853333333333333,0.6526538183815036
0.8156644833553526,0.837349487436986,0.8257093823296635,1125.0,0.6526538183815036
0.889926883881332,0.8853333333333333,0.8872362253866419,1125.0,0.6526538183815036
