precision,recall,f1-score,support,matthew
0.9397590361445783,0.9017341040462428,0.920353982300885,173.0,0.5911422677661111
0.6136363636363636,0.7297297297297297,0.6666666666666666,37.0,0.5911422677661111
0.8714285714285714,0.8714285714285714,0.8714285714285714,0.8714285714285714,0.5911422677661111
0.776697699890471,0.8157319168879862,0.7935103244837758,210.0,0.5911422677661111
0.8822993271788453,0.8714285714285714,0.8756566933558084,210.0,0.5911422677661111
