precision,recall,f1-score,support,matthew
0.9488966318234611,0.9087875417130145,0.928409090909091,899.0,0.6720042190036684
0.685823754789272,0.8026905829596412,0.7396694214876034,223.0,0.6720042190036684
0.8877005347593583,0.8877005347593583,0.8877005347593583,0.8877005347593583,0.6720042190036684
0.8173601933063666,0.8557390623363279,0.8340392561983472,1122.0,0.6720042190036684
0.896610311343404,0.8877005347593583,0.8908966610686349,1122.0,0.6720042190036684
