precision,recall,f1-score,support,matthew
0.941656942823804,0.8966666666666666,0.9186112692088788,900.0,0.6309622434489557
0.650375939849624,0.7757847533632287,0.707566462167689,223.0,0.6309622434489557
0.8726625111308994,0.8726625111308994,0.8726625111308994,0.8726625111308994,0.6309622434489557
0.796016441336714,0.8362257100149477,0.813088865688284,1123.0,0.6309622434489557
0.8838157463293764,0.8726625111308994,0.8767029949700673,1123.0,0.6309622434489557
