precision,recall,f1-score,support,matthew
0.9433962264150944,0.974025974025974,0.9584664536741214,154.0,-0.03834355076570537
0.0,0.0,0.0,9.0,-0.03834355076570537
0.9202453987730062,0.9202453987730062,0.9202453987730062,0.9202453987730062,-0.03834355076570537
0.4716981132075472,0.487012987012987,0.4792332268370607,163.0,-0.03834355076570537
0.891306864220396,0.9202453987730062,0.9055449930418079,163.0,-0.03834355076570537
