precision,recall,f1-score,support,matthew
0.9503105590062112,0.9935064935064936,0.9714285714285714,154.0,0.21704933083804778
0.5,0.1111111111111111,0.1818181818181818,9.0,0.21704933083804778
0.9447852760736196,0.9447852760736196,0.9447852760736196,0.9447852760736196,0.21704933083804778
0.7251552795031055,0.5523088023088023,0.5766233766233766,163.0,0.21704933083804778
0.9254467858095493,0.9447852760736196,0.927830451756832,163.0,0.21704933083804778
