precision,recall,f1-score,support,matthew
0.9457627118644067,0.9310344827586207,0.9383408071748879,899.0,0.6997949254379899
0.7383966244725738,0.7847533632286996,0.7608695652173914,223.0,0.6997949254379899
0.9019607843137255,0.9019607843137255,0.9019607843137255,0.9019607843137255,0.6997949254379899
0.8420796681684903,0.8578939229936602,0.8496051861961396,1122.0,0.6997949254379899
0.9045482399496307,0.9019607843137255,0.9030680024008043,1122.0,0.6997949254379899
