precision,recall,f1-score,support,matthew
0.9492924528301887,0.8924611973392461,0.9199999999999999,902.0,0.6463384443855621
0.6485507246376812,0.8063063063063063,0.7188755020080322,222.0,0.6463384443855621
0.8754448398576512,0.8754448398576512,0.8754448398576512,0.8754448398576512,0.6463384443855621
0.7989215887339349,0.8493837518227763,0.8194377510040161,1124.0,0.6463384443855621
0.8898932858740174,0.8754448398576512,0.8802761222827251,1124.0,0.6463384443855621
