precision,recall,f1-score,support,matthew
0.9369266055045872,0.9057649667405765,0.9210822998872604,902.0,0.62814296694022
0.6626984126984127,0.7522522522522522,0.7046413502109704,222.0,0.62814296694022
0.8754448398576512,0.8754448398576512,0.8754448398576512,0.8754448398576512,0.62814296694022
0.7998125091014999,0.8290086094964144,0.8128618250491154,1124.0,0.62814296694022
0.8827640976727626,0.8754448398576512,0.8783332866949682,1124.0,0.62814296694022
