precision,recall,f1-score,support,matthew
0.945664739884393,0.9088888888888889,0.9269121813031161,900.0,0.6620487022723036
0.6821705426356589,0.7892376681614349,0.7318087318087317,223.0,0.6620487022723036
0.8851291184327693,0.8851291184327693,0.8851291184327693,0.8851291184327693,0.6620487022723036
0.813917641260026,0.849063278525162,0.8293604565559239,1123.0,0.6620487022723036
0.893341315141323,0.8851291184327693,0.8881694660428778,1123.0,0.6620487022723036
