precision,recall,f1-score,support,matthew
0.9447852760736196,0.9935483870967742,0.9685534591194969,155.0,-0.01887389798985589
0.0,0.0,0.0,9.0,-0.01887389798985589
0.9390243902439024,0.9390243902439024,0.9390243902439024,0.9390243902439024,-0.01887389798985589
0.4723926380368098,0.4967741935483871,0.48427672955974843,164.0,-0.01887389798985589
0.8929373036061649,0.9390243902439024,0.9154011351434269,164.0,-0.01887389798985589
