precision,recall,f1-score,support,matthew
0.9433962264150944,0.8670520231213873,0.9036144578313252,173.0,0.554232190296906
0.5490196078431373,0.7567567567567568,0.6363636363636364,37.0,0.554232190296906
0.8476190476190476,0.8476190476190476,0.8476190476190476,0.8476190476190476,0.554232190296906
0.7462079171291158,0.8119043899390721,0.7699890470974808,210.0,0.554232190296906
0.8739108221905115,0.8476190476190476,0.8565274083346373,210.0,0.554232190296906
