precision,recall,f1-score,support,matthew
0.9523809523809523,0.8869179600886918,0.9184845005740527,902.0,0.6485570158707697
0.6421052631578947,0.820627802690583,0.7204724409448819,223.0,0.6485570158707697
0.8737777777777778,0.8737777777777778,0.8737777777777778,0.8737777777777778,0.6485570158707697
0.7972431077694235,0.8537728813896375,0.8194784707594673,1125.0,0.6485570158707697
0.8908774157616263,0.8737777777777778,0.8792341100875593,1125.0,0.6485570158707697
