precision,recall,f1-score,support,matthew
0.9452214452214452,0.8991130820399114,0.921590909090909,902.0,0.6450096553251746
0.6591760299625468,0.7892376681614349,0.7183673469387755,223.0,0.6450096553251746
0.8773333333333333,0.8773333333333333,0.8773333333333333,0.8773333333333333,0.6450096553251746
0.802198737591996,0.8441753751006731,0.8199791280148423,1125.0,0.6450096553251746
0.8885208873523481,0.8773333333333333,0.8813074829931973,1125.0,0.6450096553251746
