precision,recall,f1-score,support,matthew
0.9494833524684271,0.9168514412416852,0.9328821206993796,902.0,0.6850618888401999
0.7035573122529645,0.8018018018018018,0.7494736842105262,222.0,0.6850618888401999
0.8941281138790036,0.8941281138790036,0.8941281138790036,0.8941281138790036,0.6850618888401999
0.8265203323606958,0.8593266215217434,0.8411779024549528,1124.0,0.6850618888401999
0.9009107715717788,0.8941281138790036,0.8966573227451755,1124.0,0.6850618888401999
