precision,recall,f1-score,support,matthew
0.9431818181818182,0.9651162790697675,0.9540229885057472,172.0,0.7273448177943831
0.8181818181818182,0.7297297297297297,0.7714285714285715,37.0,0.7273448177943831
0.9234449760765551,0.9234449760765551,0.9234449760765551,0.9234449760765551,0.7273448177943831
0.8806818181818182,0.8474230043997486,0.8627257799671593,209.0,0.7273448177943831
0.9210526315789475,0.9234449760765551,0.9216976610806012,209.0,0.7273448177943831
