precision,recall,f1-score,support,matthew
0.9423963133640553,0.9068736141906873,0.9242937853107345,902.0,0.6482353251336624
0.6731517509727627,0.7757847533632287,0.7208333333333333,223.0,0.6482353251336624
0.8808888888888889,0.8808888888888889,0.8808888888888889,0.8808888888888889,0.6482353251336624
0.807774032168409,0.8413291837769581,0.822563559322034,1125.0,0.6482353251336624
0.8890260578856035,0.8808888888888889,0.8839634023854364,1125.0,0.6482353251336624
