precision,recall,f1-score,support,matthew
0.9384436701509872,0.9017857142857143,0.9197495731360273,896.0,0.6286467187138602
0.6575875486381323,0.7612612612612613,0.7056367432150313,222.0,0.6286467187138602
0.8738819320214669,0.8738819320214669,0.8738819320214669,0.8738819320214669,0.6286467187138602
0.7980156093945597,0.8315234877734878,0.8126931581755293,1118.0,0.6286467187138602
0.8826743866305454,0.8738819320214669,0.8772334298064557,1118.0,0.6286467187138602
