precision,recall,f1-score,support,matthew
0.9244186046511628,0.9190751445086706,0.9217391304347826,173.0,0.5618300803790609
0.631578947368421,0.6486486486486487,0.64,37.0,0.5618300803790609
0.8714285714285714,0.8714285714285714,0.8714285714285714,0.8714285714285714,0.5618300803790609
0.777998776009792,0.7838618965786597,0.7808695652173914,210.0,0.5618300803790609
0.8728230459870606,0.8714285714285714,0.8720993788819876,210.0,0.5618300803790609
