precision,recall,f1-score,support,matthew
0.9615384615384616,0.967741935483871,0.9646302250803858,155.0,0.3183133798240669
0.375,0.3333333333333333,0.35294117647058826,9.0,0.3183133798240669
0.9329268292682927,0.9329268292682927,0.9329268292682927,0.9329268292682927,0.3183133798240669
0.6682692307692308,0.6505376344086021,0.658785700775487,164.0,0.3183133798240669
0.9293503752345216,0.9329268292682927,0.9310619236322871,164.0,0.3183133798240669
