precision,recall,f1-score,support,matthew
0.9554140127388535,0.9868421052631579,0.970873786407767,152.0,0.30856251279224883
0.5,0.2222222222222222,0.30769230769230765,9.0,0.30856251279224883
0.9440993788819876,0.9440993788819876,0.9440993788819876,0.9440993788819876,0.30856251279224883
0.7277070063694268,0.60453216374269,0.6392830470500374,161.0,0.30856251279224883
0.9299560865609052,0.9440993788819876,0.933801529833611,161.0,0.30856251279224883
