precision,recall,f1-score,support,matthew
0.9438073394495413,0.9114064230343301,0.9273239436619719,903.0,0.6595133436830113
0.6850393700787402,0.7802690582959642,0.7295597484276729,223.0,0.6595133436830113
0.8854351687388987,0.8854351687388987,0.8854351687388987,0.8854351687388987,0.6595133436830113
0.8144233547641407,0.8458377406651472,0.8284418460448224,1126.0,0.6595133436830113
0.8925593313059457,0.8854351687388987,0.8881575000232075,1126.0,0.6595133436830113
