precision,recall,f1-score,support,matthew
0.9419953596287703,0.9022222222222223,0.9216799091940976,900.0,0.6403743996495137
0.6628352490421456,0.7757847533632287,0.7148760330578513,223.0,0.6403743996495137
0.8771148708815673,0.8771148708815673,0.8771148708815673,0.8771148708815673,0.6403743996495137
0.802415304335458,0.8390034877927255,0.8182779711259744,1123.0,0.6403743996495137
0.8865610723083631,0.8771148708815673,0.8806137788482534,1123.0,0.6403743996495137
