precision,recall,f1-score,support,matthew
0.9404205607476636,0.8934517203107658,0.9163346613545816,901.0,0.6221144809745752
0.6417910447761194,0.7713004484304933,0.7006109979633401,223.0,0.6221144809745752
0.8692170818505338,0.8692170818505338,0.8692170818505338,0.8692170818505338,0.6221144809745752
0.7911058027618915,0.8323760843706296,0.808472829658961,1124.0,0.6221144809745752
0.8811728898743056,0.8692170818505338,0.8735353936177073,1124.0,0.6221144809745752
