precision,recall,f1-score,support,matthew
0.9226190476190477,0.9011627906976745,0.911764705882353,172.0,0.5284845406798845
0.5853658536585366,0.6486486486486487,0.6153846153846153,37.0,0.5284845406798845
0.8564593301435407,0.8564593301435407,0.8564593301435407,0.8564593301435407,0.5284845406798845
0.7539924506387921,0.7749057196731616,0.7635746606334841,209.0,0.5284845406798845
0.8629139367265171,0.8564593301435407,0.8592955032583517,209.0,0.5284845406798845
