precision,recall,f1-score,support,matthew
0.9425947187141217,0.9122222222222223,0.9271597967250141,900.0,0.6578958999356243
0.6865079365079365,0.7757847533632287,0.728421052631579,223.0,0.6578958999356243
0.8851291184327693,0.8851291184327693,0.8851291184327693,0.8851291184327693,0.6578958999356243
0.8145513276110291,0.8440034877927255,0.8277904246782966,1123.0,0.6578958999356243
0.8917422232270521,0.8851291184327693,0.887695201949559,1123.0,0.6578958999356243
