precision,recall,f1-score,support,matthew
0.9636363636363636,0.9244186046511628,0.943620178041543,172.0,0.7136707193538943
0.7045454545454546,0.8378378378378378,0.7654320987654323,37.0,0.7136707193538943
0.9090909090909091,0.9090909090909091,0.9090909090909091,0.9090909090909091,0.7136707193538943
0.8340909090909091,0.8811282212445003,0.8545261384034877,209.0,0.7136707193538943
0.9177685950413224,0.9090909090909091,0.9120749199878774,209.0,0.7136707193538943
