precision,recall,f1-score,support,matthew
0.9383561643835616,0.9102990033222591,0.924114671163575,903.0,0.6406870871880864
0.676,0.757847533632287,0.7145877378435518,223.0,0.6406870871880864
0.8801065719360568,0.8801065719360568,0.8801065719360568,0.8801065719360568,0.6406870871880864
0.8071780821917809,0.834073268477273,0.8193512045035634,1126.0,0.6406870871880864
0.8863975279203874,0.8801065719360568,0.8826186621668031,1126.0,0.6406870871880864
