precision,recall,f1-score,support,matthew
0.9556962025316456,0.9741935483870968,0.9648562300319489,155.0,0.23826447283590904
0.3333333333333333,0.2222222222222222,0.26666666666666666,9.0,0.23826447283590904
0.9329268292682927,0.9329268292682927,0.9329268292682927,0.9329268292682927,0.23826447283590904
0.6445147679324894,0.5982078853046595,0.6157614483493078,164.0,0.23826447283590904
0.9215421426366162,0.9329268292682927,0.9265409491155614,164.0,0.23826447283590904
