precision,recall,f1-score,support,matthew
0.9464285714285714,0.9190751445086706,0.9325513196480939,173.0,0.6436997129241899
0.6666666666666666,0.7567567567567568,0.7088607594936708,37.0,0.6436997129241899
0.8904761904761904,0.8904761904761904,0.8904761904761904,0.8904761904761904,0.6436997129241899
0.8065476190476191,0.8379159506327136,0.8207060395708823,210.0,0.6436997129241899
0.8971371882086168,0.8904761904761904,0.8931391733351718,210.0,0.6436997129241899
