precision,recall,f1-score,support,matthew
0.9428571428571428,0.9166666666666666,0.9295774647887323,900.0,0.6659369758124032
0.6975806451612904,0.7757847533632287,0.734607218683652,223.0,0.6659369758124032
0.8886910062333037,0.8886910062333037,0.8886910062333037,0.8886910062333037,0.6659369758124032
0.8202188940092165,0.8462257100149477,0.8320923417361921,1123.0,0.6659369758124032
0.8941513022639326,0.8886910062333037,0.8908612004241437,1123.0,0.6659369758124032
