precision,recall,f1-score,support,matthew
0.9425947187141217,0.9132369299221357,0.927683615819209,899.0,0.6598105089549066
0.6892430278884463,0.7757847533632287,0.729957805907173,223.0,0.6598105089549066
0.8859180035650623,0.8859180035650623,0.8859180035650623,0.8859180035650623,0.6598105089549066
0.815918873301284,0.8445108416426822,0.828820710863191,1122.0,0.6598105089549066
0.8922405056534036,0.8859180035650623,0.8883851705336617,1122.0,0.6598105089549066
