precision,recall,f1-score,support,matthew
0.9348079161816065,0.8962053571428571,0.9150997150997151,896.0,0.6088891981655392
0.640926640926641,0.7477477477477478,0.6902286902286903,222.0,0.6088891981655392
0.8667262969588551,0.8667262969588551,0.8667262969588551,0.8667262969588551,0.6088891981655392
0.7878672785541238,0.8219765524453024,0.8026642026642027,1118.0,0.6088891981655392
0.8764522425621054,0.8667262969588551,0.8704473291235366,1118.0,0.6088891981655392
