precision,recall,f1-score,support,matthew
0.9367816091954023,0.9421965317919075,0.9394812680115274,173.0,0.6519133887336884
0.7222222222222222,0.7027027027027027,0.7123287671232876,37.0,0.6519133887336884
0.9,0.9,0.9,0.9,0.6519133887336884
0.8295019157088123,0.8224496172473051,0.8259050175674075,210.0,0.6519133887336884
0.8989782886334611,0.9,0.8994591607121709,210.0,0.6519133887336884
