precision,recall,f1-score,support,matthew
0.9526627218934911,0.936046511627907,0.9442815249266862,172.0,0.6984283480000524
0.725,0.7837837837837838,0.7532467532467533,37.0,0.6984283480000524
0.9090909090909091,0.9090909090909091,0.9090909090909091,0.9090909090909091,0.6984283480000524
0.8388313609467455,0.8599151477058453,0.8487641390867198,209.0,0.6984283480000524
0.9123587950511026,0.9090909090909091,0.9104619720455498,209.0,0.6984283480000524
