precision,recall,f1-score,support,matthew
0.9468822170900693,0.9080841638981174,0.9270774448841153,903.0,0.6636939339784202
0.6807692307692308,0.7937219730941704,0.732919254658385,223.0,0.6636939339784202
0.8854351687388987,0.8854351687388987,0.8854351687388987,0.8854351687388987,0.6636939339784202
0.81382572392965,0.8509030684961438,0.8299983497712502,1126.0,0.6636939339784202
0.894179556388873,0.8854351687388987,0.8886251567665862,1126.0,0.6636939339784202
