precision,recall,f1-score,support,matthew
0.9559748427672956,0.9806451612903225,0.9681528662420381,155.0,0.26872976193285847
0.4,0.2222222222222222,0.2857142857142857,9.0,0.26872976193285847
0.9390243902439024,0.9390243902439024,0.9390243902439024,0.9390243902439024,0.26872976193285847
0.6779874213836479,0.6014336917562724,0.6269335759781619,164.0,0.26872976193285847
0.9254640282251878,0.9390243902439024,0.9307019685301493,164.0,0.26872976193285847
