precision,recall,f1-score,support,matthew
0.9736842105263158,0.961038961038961,0.9673202614379085,154.0,0.47034146831762874
0.45454545454545453,0.5555555555555556,0.5,9.0,0.47034146831762874
0.9386503067484663,0.9386503067484663,0.9386503067484663,0.9386503067484663,0.47034146831762874
0.7141148325358851,0.7582972582972582,0.7336601307189543,163.0,0.47034146831762874
0.945020107435348,0.9386503067484663,0.9415173022174106,163.0,0.47034146831762874
