precision,recall,f1-score,support,matthew
0.9426605504587156,0.9113082039911308,0.9267192784667418,902.0,0.6560737993435668
0.6837944664031621,0.7757847533632287,0.7268907563025211,223.0,0.6560737993435668
0.8844444444444445,0.8844444444444445,0.8844444444444445,0.8844444444444445,0.6560737993435668
0.8132275084309388,0.8435464786771798,0.8268050173846315,1125.0,0.6560737993435668
0.8913475400192591,0.8844444444444445,0.8871088247399674,1125.0,0.6560737993435668
