precision,recall,f1-score,support,matthew
0.9556962025316456,0.9805194805194806,0.967948717948718,154.0,0.26854134460083307
0.4,0.2222222222222222,0.2857142857142857,9.0,0.26854134460083307
0.9386503067484663,0.9386503067484663,0.9386503067484663,0.9386503067484663,0.26854134460083307
0.6778481012658228,0.6013708513708513,0.6268315018315018,163.0,0.26854134460083307
0.9250135901219227,0.9386503067484663,0.930279332119823,163.0,0.26854134460083307
