precision,recall,f1-score,support,matthew
0.9413833528722158,0.8922222222222222,0.9161437535653166,900.0,0.6235887708977872
0.6407407407407407,0.7757847533632287,0.7018255578093306,223.0,0.6235887708977872
0.8691006233303651,0.8691006233303651,0.8691006233303651,0.8691006233303651,0.6235887708977872
0.7910620468064782,0.8340034877927255,0.8089846556873237,1123.0,0.6235887708977872
0.8816831725469095,0.8691006233303651,0.8735854653608778,1123.0,0.6235887708977872
