precision,recall,f1-score,support,matthew
0.9565217391304348,0.9871794871794872,0.971608832807571,156.0,0.3091867276468288
0.5,0.2222222222222222,0.30769230769230765,9.0,0.3091867276468288
0.9454545454545454,0.9454545454545454,0.9454545454545454,0.9454545454545454,0.3091867276468288
0.7282608695652174,0.6047008547008548,0.6396505702499393,165.0,0.3091867276468288
0.9316205533596839,0.9454545454545454,0.9353952041649204,165.0,0.3091867276468288
