precision,recall,f1-score,support,matthew
0.9525504151838672,0.8922222222222222,0.921399885255307,900.0,0.6573233385641787
0.6535714285714286,0.820627802690583,0.727634194831014,223.0,0.6573233385641787
0.8780053428317008,0.8780053428317008,0.8780053428317008,0.8780053428317008,0.6573233385641787
0.8030609218776479,0.8564250124564026,0.8245170400431605,1123.0,0.6573233385641787
0.8931805897033918,0.8780053428317008,0.8829228158300021,1123.0,0.6573233385641787
