precision,recall,f1-score,support,matthew
0.9421296296296297,0.9054505005561735,0.923425978445831,899.0,0.6460448484534312
0.6705426356589147,0.7757847533632287,0.7193347193347193,223.0,0.6460448484534312
0.8796791443850267,0.8796791443850267,0.8796791443850267,0.8796791443850267,0.6460448484534312
0.8063361326442722,0.8406176269597011,0.8213803488902751,1122.0,0.6460448484534312
0.8881511094375891,0.8796791443850267,0.8828623859487028,1122.0,0.6460448484534312
