precision,recall,f1-score,support,matthew
0.9631901840490797,0.9181286549707602,0.9401197604790419,171.0,0.7021039309125097
0.6888888888888889,0.8378378378378378,0.7560975609756098,37.0,0.7021039309125097
0.9038461538461539,0.9038461538461539,0.9038461538461539,0.9038461538461539,0.7021039309125097
0.8260395364689843,0.877983246404299,0.8481086607273258,208.0,0.7021039309125097
0.9143962036600073,0.9038461538461539,0.9073850422981429,208.0,0.7021039309125097
