precision,recall,f1-score,support,matthew
0.961038961038961,0.9673202614379085,0.9641693811074918,153.0,0.3178542458730997
0.375,0.3333333333333333,0.35294117647058826,9.0,0.3178542458730997
0.9320987654320988,0.9320987654320988,0.9320987654320988,0.9320987654320988,0.3178542458730997
0.6680194805194806,0.6503267973856209,0.6585552787890401,162.0,0.3178542458730997
0.9284812409812411,0.9320987654320988,0.9302122586276639,162.0,0.3178542458730997
