precision,recall,f1-score,support,matthew
0.9622641509433962,0.9870967741935484,0.9745222929936306,155.0,0.4244600833356457
0.6,0.3333333333333333,0.42857142857142855,9.0,0.4244600833356457
0.9512195121951219,0.9512195121951219,0.9512195121951219,0.9512195121951219,0.4244600833356457
0.7811320754716982,0.6602150537634408,0.7015468607825296,164.0,0.4244600833356457
0.9423838011965026,0.9512195121951219,0.9445615748241196,164.0,0.4244600833356457
