precision,recall,f1-score,support,matthew
0.9394285714285714,0.9133333333333333,0.9261971830985916,900.0,0.6497934847419805
0.6854838709677419,0.7623318385650224,0.7218683651804669,223.0,0.6497934847419805
0.8833481745325023,0.8833481745325023,0.8833481745325023,0.8833481745325023,0.6497934847419805
0.8124562211981566,0.8378325859491779,0.8240327741395292,1123.0,0.6497934847419805
0.8890014403486383,0.8833481745325023,0.8856225380445026,1123.0,0.6497934847419805
