precision,recall,f1-score,support,matthew
0.950920245398773,0.8959537572254336,0.9226190476190476,173.0,0.621330164725314
0.6170212765957447,0.7837837837837838,0.6904761904761905,37.0,0.621330164725314
0.8761904761904762,0.8761904761904762,0.8761904761904762,0.8761904761904762,0.621330164725314
0.7839707609972588,0.8398687705046086,0.8065476190476191,210.0,0.621330164725314
0.8920904270858584,0.8761904761904762,0.8817176870748299,210.0,0.621330164725314
