precision,recall,f1-score,support,matthew
0.9693251533742331,0.9186046511627907,0.9432835820895521,172.0,0.7217959994202839
0.6956521739130435,0.8648648648648649,0.7710843373493975,37.0,0.7217959994202839
0.9090909090909091,0.9090909090909091,0.9090909090909091,0.9090909090909091,0.7217959994202839
0.8324886636436383,0.8917347580138277,0.8571839597194748,209.0,0.7217959994202839
0.9208758699289508,0.9090909090909091,0.9127985483317256,209.0,0.7217959994202839
