precision,recall,f1-score,support,matthew
0.9411764705882353,0.9203539823008849,0.9306487695749441,904.0,0.6656894099302184
0.7037037037037037,0.7668161434977578,0.7339055793991416,223.0,0.6656894099302184
0.8899733806566105,0.8899733806566105,0.8899733806566105,0.8899733806566105,0.6656894099302184
0.8224400871459695,0.8435850628993213,0.8322771744870429,1127.0,0.6656894099302184
0.8941876267415177,0.8899733806566105,0.891719105502891,1127.0,0.6656894099302184
