precision,recall,f1-score,support,matthew
0.950530035335689,0.8946784922394678,0.92175899486008,902.0,0.6544247139194291
0.6557971014492754,0.8116591928251121,0.7254509018036073,223.0,0.6544247139194291
0.8782222222222222,0.8782222222222222,0.8782222222222222,0.8782222222222222,0.6544247139194291
0.8031635683924823,0.85316884253229,0.8236049483318436,1125.0,0.6544247139194291
0.8921074182186488,0.8782222222222222,0.8828463684142192,1125.0,0.6544247139194291
