precision,recall,f1-score,support,matthew
0.9419279907084785,0.9001109877913429,0.920544835414302,901.0,0.6366710271772634
0.6577946768060836,0.7757847533632287,0.7119341563786008,223.0,0.6366710271772634
0.8754448398576512,0.8754448398576512,0.8754448398576512,0.8754448398576512,0.6366710271772634
0.7998613337572811,0.8379478705772858,0.8162394958964514,1124.0,0.6366710271772634
0.8855563456904767,0.8754448398576512,0.8791567736483222,1124.0,0.6366710271772634
