precision,recall,f1-score,support,matthew
0.9493670886075949,0.974025974025974,0.9615384615384615,154.0,0.11276825146938897
0.2,0.1111111111111111,0.14285714285714285,9.0,0.11276825146938897
0.9263803680981595,0.9263803680981595,0.9263803680981595,0.9263803680981595,0.11276825146938897
0.5746835443037974,0.5425685425685426,0.5521978021978021,163.0,0.11276825146938897
0.9079909916906113,0.9263803680981595,0.9163351985437874,163.0,0.11276825146938897
