precision,recall,f1-score,support,matthew
0.9615384615384616,0.974025974025974,0.967741935483871,154.0,0.3462714334423088
0.42857142857142855,0.3333333333333333,0.375,9.0,0.3462714334423088
0.9386503067484663,0.9386503067484663,0.9386503067484663,0.9386503067484663,0.3462714334423088
0.695054945054945,0.6536796536796536,0.6713709677419355,163.0,0.3462714334423088
0.9321108339513249,0.9386503067484663,0.9350138531565406,163.0,0.3462714334423088
