precision,recall,f1-score,support,matthew
0.9468713105076741,0.8911111111111111,0.9181453921007442,900.0,0.6386996445352084
0.644927536231884,0.7982062780269058,0.7134268537074149,223.0,0.6386996445352084
0.8726625111308994,0.8726625111308994,0.8726625111308994,0.8726625111308994,0.6386996445352084
0.7958994233697791,0.8446586945690084,0.8157861229040795,1123.0,0.6386996445352084
0.8869127515909322,0.8726625111308994,0.8774933582078569,1123.0,0.6386996445352084
