precision,recall,f1-score,support,matthew
0.9515011547344111,0.9125138427464009,0.9315997738835501,903.0,0.6848461783468753
0.6961538461538461,0.8116591928251121,0.7494824016563146,223.0,0.6848461783468753
0.8925399644760214,0.8925399644760214,0.8925399644760214,0.8925399644760214,0.6848461783468753
0.8238275004441287,0.8620865177857565,0.8405410877699324,1126.0,0.6848461783468753
0.9009305953974076,0.8925399644760214,0.8955321237888134,1126.0,0.6848461783468753
