precision,recall,f1-score,support,matthew
0.9617834394904459,0.9805194805194806,0.9710610932475885,154.0,0.3806993983114591
0.5,0.3333333333333333,0.4,9.0,0.3806993983114591
0.9447852760736196,0.9447852760736196,0.9447852760736196,0.9447852760736196,0.3806993983114591
0.7308917197452229,0.6569264069264069,0.6855305466237942,163.0,0.3806993983114591
0.9362861943652065,0.9447852760736196,0.9395301126388259,163.0,0.3806993983114591
