precision,recall,f1-score,support,matthew
0.967741935483871,0.9615384615384616,0.9646302250803858,156.0,0.38638962152149
0.4,0.4444444444444444,0.4210526315789474,9.0,0.38638962152149
0.9333333333333333,0.9333333333333333,0.9333333333333333,0.9333333333333333,0.38638962152149
0.6838709677419355,0.7029914529914529,0.6928414283296666,165.0,0.38638962152149
0.9367741935483871,0.9333333333333333,0.9349805381621256,165.0,0.38638962152149
