precision,recall,f1-score,support,matthew
0.9450934579439252,0.8959025470653378,0.9198408186469585,903.0,0.6395242278695087
0.6518518518518519,0.7892376681614349,0.7139959432048681,223.0,0.6395242278695087
0.8747779751332149,0.8747779751332149,0.8747779751332149,0.8747779751332149,0.6395242278695087
0.7984726548978885,0.8425701076133864,0.8169183809259133,1126.0,0.6395242278695087
0.8870180776965607,0.8747779751332149,0.8790740271517666,1126.0,0.6395242278695087
