precision,recall,f1-score,support,matthew
0.9465301478953356,0.9223946784922394,0.9343065693430658,902.0,0.6863559288844324
0.7154471544715447,0.7892376681614349,0.7505330490405118,223.0,0.6863559288844324
0.896,0.896,0.896,0.896,0.6863559288844324
0.8309886511834401,0.8558161733268372,0.8424198091917887,1125.0,0.6863559288844324
0.9007243634211086,0.896,0.8978785737630928,1125.0,0.6863559288844324
