precision,recall,f1-score,support,matthew
0.9469434832756632,0.9142538975501113,0.9303116147308782,898.0,0.6751226041008109
0.6968503937007874,0.7937219730941704,0.7421383647798742,223.0,0.6751226041008109
0.8902765388046388,0.8902765388046388,0.8902765388046388,0.8902765388046388,0.6751226041008109
0.8218969384882253,0.8539879353221409,0.8362249897553762,1121.0,0.6751226041008109
0.8971925832085828,0.8902765388046388,0.8928783990849604,1121.0,0.6751226041008109
