precision,recall,f1-score,support,matthew
0.9620253164556962,0.9806451612903225,0.9712460063897763,155.0,0.38087532519024875
0.5,0.3333333333333333,0.4,9.0,0.38087532519024875
0.9451219512195121,0.9451219512195121,0.9451219512195121,0.9451219512195121,0.38087532519024875
0.7310126582278481,0.656989247311828,0.6856230031948882,164.0,0.38087532519024875
0.9366702686014201,0.9451219512195121,0.9398971401854593,164.0,0.38087532519024875
