precision,recall,f1-score,support,matthew
0.9559748427672956,0.987012987012987,0.9712460063897763,154.0,0.30887860339040435
0.5,0.2222222222222222,0.30769230769230765,9.0,0.30887860339040435
0.9447852760736196,0.9447852760736196,0.9447852760736196,0.9447852760736196,0.30887860339040435
0.7279874213836478,0.6046176046176046,0.639469157041042,163.0,0.30887860339040435
0.9307983177065247,0.9447852760736196,0.934608072105867,163.0,0.30887860339040435
