precision,recall,f1-score,support,matthew
0.954248366013072,0.9419354838709677,0.948051948051948,155.0,0.14945357930808456
0.18181818181818182,0.2222222222222222,0.19999999999999998,9.0,0.14945357930808456
0.9024390243902439,0.9024390243902439,0.9024390243902439,0.9024390243902439,0.14945357930808456
0.5680332739156269,0.582078853046595,0.574025974025974,164.0,0.14945357930808456
0.9118589046853035,0.9024390243902439,0.9070003167564145,164.0,0.14945357930808456
