No cristaliza,Cristaliza,accuracy,macro avg,weighted avg
0.9506688963210702,0.6976744186046512,0.8997995991983968,0.8241716574628607,0.9052076307861894
0.9258957654723127,0.7806691449814126,0.8997995991983968,0.8532824552268626,0.8997995991983968
0.9381188118811881,0.736842105263158,0.8997995991983968,0.837480458572173,0.9019508532437464
1228.0,269.0,0.8997995991983968,1497.0,1497.0
