No cristaliza,Cristaliza,accuracy,macro avg,weighted avg
0.9240407204385278,0.7818181818181819,0.9031396125584502,0.8529294511283548,0.898484365803342
0.9609120521172638,0.6394052044609665,0.9031396125584502,0.8001586282891151,0.9031396125584502
0.9421157684630739,0.7034764826175869,0.9031396125584502,0.8227961255403304,0.8992340263839584
1228.0,269.0,0.9031396125584502,1497.0,1497.0
