No cristaliza,Cristaliza,accuracy,macro avg,weighted avg
0.9509559434746467,0.7094594594594594,0.9032688458972649,0.830207701467053,0.9076186825006072
0.9300813008130081,0.7806691449814126,0.9032688458972649,0.8553752228972104,0.9032688458972649
0.9404027949034115,0.743362831858407,0.9032688458972649,0.8418828133809093,0.9050433885931338
1230.0,269.0,0.9032688458972649,1499.0,1499.0
0.6851208229538188,0.6851208229538188,0.6851208229538188,0.6851208229538188,0.6851208229538188
