No cristaliza,Cristaliza,accuracy,macro avg,weighted avg
0.9455155071248952,0.6822742474916388,0.8927613941018767,0.813894877308267,0.8980544489202398
0.9223221586263287,0.758364312267658,0.8927613941018767,0.8403432354469933,0.8927613941018767
0.9337748344370861,0.7183098591549296,0.8927613941018767,0.8260423467960079,0.8949275969364828
1223.0,269.0,0.8927613941018767,1492.0,1492.0
0.653703290899878,0.653703290899878,0.653703290899878,0.653703290899878,0.653703290899878
