No cristaliza,Cristaliza,accuracy,macro avg,weighted avg
0.9422259983007647,0.628125,0.8750835003340013,0.7851754991503823,0.8857843359474542
0.9030944625407166,0.7472118959107806,0.8750835003340013,0.8251531792257486,0.8750835003340013
0.9222453222453222,0.6825127334465196,0.8750835003340013,0.8023790278459209,0.8791671215860851
1228.0,269.0,0.8750835003340013,1497.0,1497.0
0.6090179642212095,0.6090179642212095,0.6090179642212095,0.6090179642212095,0.6090179642212095
