precision,recall,f1-score,support,matthew
0.8850974930362117,0.9650721336370539,0.9233563385397748,1317.0,0.506588560566427
0.7415730337078652,0.4444444444444444,0.5557894736842105,297.0,0.506588560566427
0.869268897149938,0.869268897149938,0.869268897149938,0.869268897149938,0.506588560566427
0.8133352633720384,0.7047582890407491,0.7395729061119927,1614.0,0.506588560566427
0.8586868583270922,0.869268897149938,0.8557185697280631,1614.0,0.506588560566427
