precision,recall,f1-score,support,matthew
0.8764829030006979,0.97138437741686,0.921496698459281,1293.0,0.5032749555837829
0.774390243902439,0.41776315789473684,0.5427350427350428,304.0,0.5032749555837829
0.8659987476518473,0.8659987476518473,0.8659987476518473,0.8659987476518473,0.5032749555837829
0.8254365734515685,0.6945737676557984,0.7321158705971619,1597.0,0.5032749555837829
0.8570488589394138,0.8659987476518473,0.8493967965556062,1597.0,0.5032749555837829
