precision,recall,f1-score,support,matthew
0.8810696692470091,0.9750778816199377,0.9256931608133088,1284.0,0.5326528057080748
0.8048780487804879,0.43853820598006643,0.567741935483871,301.0,0.5326528057080748
0.873186119873817,0.873186119873817,0.873186119873817,0.873186119873817,0.5326528057080748
0.8429738590137485,0.7068080438000021,0.7467175481485899,1585.0,0.5326528057080748
0.8666004719218211,0.873186119873817,0.8577163035109993,1585.0,0.5326528057080748
