precision,recall,f1-score,support,matthew
0.8733472512178149,0.9736229635376261,0.9207630227439472,1289.0,0.4844280085008343
0.7733333333333333,0.38926174496644295,0.5178571428571429,298.0,0.4844280085008343
0.8638941398865785,0.8638941398865785,0.8638941398865785,0.8638941398865785,0.4844280085008343
0.8233402922755741,0.6814423542520345,0.719310082800545,1587.0,0.4844280085008343
0.8545670700397586,0.8638941398865785,0.8451070982283406,1587.0,0.4844280085008343
