precision,recall,f1-score,support,matthew
0.882270497547302,0.9737045630317092,0.925735294117647,1293.0,0.5359903677818757
0.8,0.4473684210526316,0.5738396624472574,304.0,0.5359903677818757
0.873512836568566,0.873512836568566,0.873512836568566,0.873512836568566,0.5359903677818757
0.841135248773651,0.7105364920421704,0.7497874782824522,1597.0,0.5359903677818757
0.8666097390912095,0.873512836568566,0.8587495257846486,1597.0,0.5359903677818757
