precision,recall,f1-score,support,matthew
0.8816901408450705,0.9720496894409938,0.9246676514032497,1288.0,0.5540415478424894
0.8074866310160428,0.47335423197492166,0.5968379446640316,319.0,0.5540415478424894
0.8730553827006845,0.8730553827006845,0.8730553827006845,0.8730553827006845,0.5540415478424894
0.8445883859305566,0.7227019607079577,0.7607527980336406,1607.0,0.5540415478424894
0.8669602593046474,0.8730553827006845,0.8595913126043632,1607.0,0.5540415478424894
