precision,recall,f1-score,support,matthew
0.8802958977807667,0.9739583333333334,0.9247615683504062,1344.0,0.4888615434248709
0.7682119205298014,0.3945578231292517,0.5213483146067416,294.0,0.4888615434248709
0.86996336996337,0.86996336996337,0.86996336996337,0.86996336996337,0.4888615434248709
0.8242539091552841,0.6842580782312926,0.7230549414785739,1638.0,0.4888615434248709
0.8601782608382857,0.86996336996337,0.85235406126821,1638.0,0.4888615434248709
