precision,recall,f1-score,support,matthew
0.8848870056497176,0.9653312788906009,0.9233603537214444,1298.0,0.4995104943431826
0.7368421052631579,0.4359861591695502,0.5478260869565217,289.0,0.4995104943431826
0.868935097668557,0.868935097668557,0.868935097668557,0.868935097668557,0.4995104943431826
0.8108645554564378,0.7006587190300755,0.735593220338983,1587.0,0.4995104943431826
0.8579273483014406,0.868935097668557,0.8549738363332511,1587.0,0.4995104943431826
