precision,recall,f1-score,support,matthew
0.8799715909090909,0.96796875,0.921875,1280.0,0.5077830625467866
0.7602339181286549,0.43478260869565216,0.553191489361702,299.0,0.5077830625467866
0.8670044331855605,0.8670044331855605,0.8670044331855605,0.8670044331855605,0.5077830625467866
0.8201027545188729,0.7013756793478261,0.737533244680851,1579.0,0.5077830625467866
0.8572980227258419,0.8670044331855605,0.8520609596701386,1579.0,0.5077830625467866
