precision,recall,f1-score,support,matthew
0.879492600422833,0.9727201870615745,0.923760177646188,1283.0,0.5179218504528089
0.7865853658536586,0.43,0.5560344827586208,300.0,0.5179218504528089
0.8698673404927353,0.8698673404927353,0.8698673404927353,0.8698673404927353,0.5179218504528089
0.8330389831382458,0.7013600935307872,0.7398973302024043,1583.0,0.5179218504528089
0.8618854176238738,0.8698673404927353,0.8540711640856888,1583.0,0.5179218504528089
