precision,recall,f1-score,support,matthew
0.8674110258199581,0.9772012578616353,0.9190388170055452,1272.0,0.4698564552540224
0.7867647058823529,0.3602693602693603,0.4942263279445728,297.0,0.4698564552540224
0.8604206500956023,0.8604206500956023,0.8604206500956023,0.8604206500956023,0.4698564552540224
0.8270878658511556,0.6687353090654977,0.7066325724750591,1569.0,0.4698564552540224
0.852145278833681,0.8604206500956023,0.8386249806440993,1569.0,0.4698564552540224
