precision,recall,f1-score,support,matthew
0.8781006378454996,0.9567567567567568,0.9157427937915742,1295.0,0.49341472697482924
0.7171717171717171,0.45222929936305734,0.5546875,314.0,0.49341472697482924
0.858297078931013,0.858297078931013,0.858297078931013,0.858297078931013,0.49341472697482924
0.7976361775086084,0.7044930280599071,0.735215146895787,1609.0,0.49341472697482924
0.8466949939104048,0.858297078931013,0.845282034157917,1609.0,0.49341472697482924
