precision,recall,f1-score,support,matthew
0.8831444759206799,0.9651702786377709,0.9223372781065089,1292.0,0.5193654069743335
0.7554347826086957,0.45723684210526316,0.569672131147541,304.0,0.5193654069743335
0.868421052631579,0.868421052631579,0.868421052631579,0.868421052631579,0.5193654069743335
0.8192896292646878,0.711203560371517,0.746004704627025,1596.0,0.5193654069743335
0.8588188200517305,0.868421052631579,0.8551629644000388,1596.0,0.5193654069743335
