precision,recall,f1-score,support,matthew
0.8749126484975541,0.962336664104535,0.9165446559297219,1301.0,0.4834114903047571
0.7292817679558011,0.42443729903536975,0.5365853658536585,311.0,0.4834114903047571
0.858560794044665,0.858560794044665,0.858560794044665,0.858560794044665,0.4834114903047571
0.8020972082266776,0.6933869815699524,0.7265650108916901,1612.0,0.4834114903047571
0.8468163681945237,0.858560794044665,0.8432398549286947,1612.0,0.4834114903047571
