precision,recall,f1-score,support,matthew
0.8818840579710145,0.9666401906274821,0.9223190602500947,1259.0,0.5422713837962929
0.7801047120418848,0.4775641025641026,0.5924453280318092,312.0,0.5422713837962929
0.8695098663271802,0.8695098663271802,0.8695098663271802,0.8695098663271802,0.5422713837962929
0.8309943850064496,0.7221021465957923,0.757382194140952,1571.0,0.5422713837962929
0.8616707187412956,0.8695098663271802,0.8568062630176917,1571.0,0.5422713837962929
