precision,recall,f1-score,support,matthew
0.8830532212885154,0.9670245398773006,0.9231332357247438,1304.0,0.5049913032934308
0.75,0.4358108108108108,0.5512820512820513,296.0,0.5049913032934308
0.86875,0.86875,0.86875,0.86875,0.5049913032934308
0.8165266106442577,0.7014176753440557,0.7372076435033976,1600.0,0.5049913032934308
0.85843837535014,0.86875,0.8543407666028457,1600.0,0.5049913032934308
