precision,recall,f1-score,support,matthew
0.8642061281337048,0.96953125,0.9138438880706922,1280.0,0.45412233195683793
0.7450980392156863,0.36893203883495146,0.4935064935064935,309.0,0.45412233195683793
0.8527375707992448,0.8527375707992448,0.8527375707992448,0.8527375707992448,0.45412233195683793
0.8046520836746955,0.6692316444174757,0.7036751907885929,1589.0,0.45412233195683793
0.8410441397915602,0.8527375707992448,0.8321042688634314,1589.0,0.45412233195683793
