precision,recall,f1-score,support,matthew
0.8809005083514887,0.9634630659253376,0.9203338391502276,1259.0,0.5309088286932704
0.7628865979381443,0.47435897435897434,0.58498023715415,312.0,0.5309088286932704
0.8663271801400382,0.8663271801400382,0.8663271801400382,0.8663271801400382,0.5309088286932704
0.8218935531448165,0.718911020142156,0.7526570381521889,1571.0,0.5309088286932704
0.8574629908155476,0.8663271801400382,0.8537327418728398,1571.0,0.5309088286932704
