precision,recall,f1-score,support,matthew
0.8739495798319328,0.9526717557251908,0.9116143170197223,1310.0,0.46522638314629705
0.6884422110552764,0.43217665615141954,0.5310077519379844,317.0,0.46522638314629705
0.851259987707437,0.851259987707437,0.851259987707437,0.851259987707437,0.46522638314629705
0.7811958954436046,0.6924242059383052,0.7213110344788534,1627.0,0.46522638314629705
0.8378058577039672,0.851259987707437,0.8374580286786584,1627.0,0.46522638314629705
