precision,recall,f1-score,support,matthew
0.887883008356546,0.977760736196319,0.9306569343065694,1304.0,0.5554141218687173
0.823170731707317,0.4560810810810811,0.5869565217391305,296.0,0.5554141218687173
0.88125,0.88125,0.88125,0.88125,0.5554141218687173
0.8555268700319315,0.7169209086387001,0.7588067280228499,1600.0,0.5554141218687173
0.8759112371764387,0.88125,0.8670723579815933,1600.0,0.5554141218687173
