precision,recall,f1-score,support,matthew
0.8802477632484514,0.97782874617737,0.9264759145237231,1308.0,0.5268495714478565
0.8141025641025641,0.4219269102990033,0.5557986870897155,301.0,0.5268495714478565
0.8738346799254195,0.8738346799254195,0.8738346799254195,0.8738346799254195,0.5268495714478565
0.8471751636755078,0.6998778282381867,0.7411373008067192,1609.0,0.5268495714478565
0.8678738011956783,0.8738346799254195,0.8571323188384301,1609.0,0.5268495714478565
