precision,recall,f1-score,support,matthew
0.8755274261603375,0.97265625,0.9215396002960768,1280.0,0.4984303101235629
0.7770700636942676,0.4080267558528428,0.5350877192982456,299.0,0.4984303101235629
0.8657378087397086,0.8657378087397086,0.8657378087397086,0.8657378087397086,0.4984303101235629
0.8262987449273025,0.6903415029264214,0.7283136597971612,1579.0,0.4984303101235629
0.8568835050853819,0.8657378087397086,0.8483609350532955,1579.0,0.4984303101235629
