precision,recall,f1-score,support,matthew
0.8743055555555556,0.9692070823710547,0.9193136181087989,1299.0,0.5008790347724161
0.7674418604651163,0.4217252396166134,0.5443298969072166,313.0,0.5008790347724161
0.8629032258064516,0.8629032258064516,0.8629032258064516,0.8629032258064516,0.5008790347724161
0.8208737080103359,0.6954661609938341,0.7318217575080077,1612.0,0.5008790347724161
0.8535559671167792,0.8629032258064516,0.8465035035082434,1612.0,0.5008790347724161
