precision,recall,f1-score,support,matthew
0.871994342291372,0.9602803738317757,0.9140103780578206,1284.0,0.4707202362020794
0.7166666666666667,0.4161290322580645,0.5265306122448979,310.0,0.4707202362020794
0.8544542032622334,0.8544542032622334,0.8544542032622334,0.8544542032622334,0.4707202362020794
0.7943305044790193,0.6882047030449201,0.7202704951513592,1594.0,0.4707202362020794
0.8417863250745221,0.8544542032622334,0.8386535854593224,1594.0,0.4707202362020794
