precision,recall,f1-score,support,matthew
0.8840782122905028,0.9745958429561201,0.9271329183449285,1299.0,0.5519680171874808
0.8125,0.4627831715210356,0.5896907216494846,309.0,0.5519680171874808
0.8762437810945274,0.8762437810945274,0.8762437810945274,0.8762437810945274,0.5519680171874808
0.8482891061452513,0.7186895072385778,0.7584118199972065,1608.0,0.5519680171874808
0.8703234438839322,0.8762437810945274,0.8622886156217369,1608.0,0.5519680171874808
