precision,recall,f1-score,support,matthew
0.8863636363636364,0.9659442724458205,0.9244444444444446,1292.0,0.5355174396840048
0.7659574468085106,0.47368421052631576,0.5853658536585366,304.0,0.5355174396840048
0.8721804511278195,0.8721804511278195,0.8721804511278195,0.8721804511278195,0.5355174396840048
0.8261605415860735,0.7198142414860681,0.7549051490514906,1596.0,0.5355174396840048
0.863429124067422,0.8721804511278195,0.8598580461995098,1596.0,0.5355174396840048
