precision,recall,f1-score,support,matthew
0.8638850889192886,0.967816091954023,0.9129020599927719,1305.0,0.4828031657912679
0.7627118644067796,0.4041916167664671,0.528375733855186,334.0,0.4828031657912679
0.8529591214154972,0.8529591214154972,0.8529591214154972,0.8529591214154972,0.4828031657912679
0.8132984766630341,0.686003854360245,0.720638896923979,1639.0,0.4828031657912679
0.8432677265110043,0.8529591214154972,0.8345422107371564,1639.0,0.4828031657912679
