precision,recall,f1-score,support,matthew
0.8731034482758621,0.9708588957055214,0.9193899782135075,1304.0,0.46319612705027496
0.7449664429530202,0.376271186440678,0.5,295.0,0.46319612705027496
0.8611632270168855,0.8611632270168855,0.8611632270168855,0.8611632270168855,0.46319612705027496
0.8090349456144411,0.6735650410730997,0.7096949891067538,1599.0,0.46319612705027496
0.8494634128973515,0.8611632270168855,0.8420165926143927,1599.0,0.46319612705027496
