precision,recall,f1-score,support,matthew
0.8692307692307693,0.9772012578616353,0.920059215396003,1272.0,0.4791711695743705
0.7913669064748201,0.37037037037037035,0.5045871559633028,297.0,0.4791711695743705
0.8623326959847036,0.8623326959847036,0.8623326959847036,0.8623326959847036,0.4791711695743705
0.8302988378527947,0.6737858141160028,0.7123231856796529,1569.0,0.4791711695743705
0.8544917206402549,0.8623326959847036,0.8414134527118017,1569.0,0.4791711695743705
