precision,recall,f1-score,support,matthew
0.8730822873082287,0.9690402476780186,0.9185619955979458,1292.0,0.4680784083444888
0.7419354838709677,0.3872053872053872,0.5088495575221238,297.0,0.4680784083444888
0.8602894902454373,0.8602894902454373,0.8602894902454373,0.8602894902454373,0.4680784083444888
0.8075088855895982,0.6781228174417029,0.7137057765600348,1589.0,0.4680784083444888
0.8485696374524285,0.8602894902454373,0.8419826412187644,1589.0,0.4680784083444888
