precision,recall,f1-score,support,matthew
0.8794076163610719,0.971183800623053,0.923019985196151,1284.0,0.5149415694996233
0.7784431137724551,0.4318936877076412,0.5555555555555556,301.0,0.5149415694996233
0.8687697160883281,0.8687697160883281,0.8687697160883281,0.8687697160883281,0.5149415694996233
0.8289253650667635,0.7015387441653471,0.7392877703758534,1585.0,0.5149415694996233
0.8602339158694797,0.8687697160883281,0.8532365193779685,1585.0,0.5149415694996233
