precision,recall,f1-score,support,matthew
0.8861901457321305,0.9762996941896025,0.9290651145871226,1308.0,0.5502121195617281
0.8154761904761905,0.45514950166112955,0.5842217484008528,301.0,0.5502121195617281
0.8788067122436296,0.8788067122436296,0.8788067122436296,0.8788067122436296,0.5502121195617281
0.8508331681041605,0.715724597925366,0.7566434314939877,1609.0,0.5502121195617281
0.872961494065233,0.8788067122436296,0.8645543294895046,1609.0,0.5502121195617281
