precision,recall,f1-score,support,matthew
0.8880389429763561,0.9703647416413373,0.9273783587509078,1316.0,0.53701187273174
0.7796610169491526,0.46153846153846156,0.5798319327731093,299.0,0.53701187273174
0.8761609907120743,0.8761609907120743,0.8761609907120743,0.8761609907120743,0.53701187273174
0.8338499799627543,0.7159516015898995,0.7536051457620085,1615.0,0.53701187273174
0.867973927569462,0.8761609907120743,0.863033850164306,1615.0,0.53701187273174
