precision,recall,f1-score,support,matthew
0.8823938761308281,0.9731389102072141,0.9255474452554744,1303.0,0.5049701008777107
0.7741935483870968,0.41522491349480967,0.5405405405405406,289.0,0.5049701008777107
0.871859296482412,0.871859296482412,0.871859296482412,0.871859296482412,0.5049701008777107
0.8282937122589624,0.6941819118510119,0.7330439928980075,1592.0,0.5049701008777107
0.8627519824637814,0.871859296482412,0.8556561164472987,1592.0,0.5049701008777107
