precision,recall,f1-score,support,matthew
0.8814504881450488,0.9738058551617874,0.9253294289897511,1298.0,0.5523539501642211
0.8131868131868132,0.46540880503144655,0.592,318.0,0.5523539501642211
0.8737623762376238,0.8737623762376238,0.8737623762376238,0.8737623762376238,0.5523539501642211
0.8473186506659309,0.719607330096617,0.7586647144948755,1616.0,0.5523539501642211
0.8680174134936138,0.8737623762376238,0.8597361378890451,1616.0,0.5523539501642211
