precision,recall,f1-score,support,matthew
0.8901329601119664,0.9702517162471396,0.9284671532846716,1311.0,0.5601382896162564
0.7936507936507936,0.48859934853420195,0.6048387096774193,307.0,0.5601382896162564
0.8788627935723115,0.8788627935723115,0.8788627935723115,0.8788627935723115,0.5601382896162564
0.84189187688138,0.7294255323906708,0.7666529314810454,1618.0,0.5601382896162564
0.8718263932988762,0.8788627935723115,0.8670617563826776,1618.0,0.5601382896162564
