precision,recall,f1-score,support,matthew
0.8845609065155807,0.9674670797831139,0.924158342582316,1291.0,0.5200129067771069
0.7613636363636364,0.4511784511784512,0.5665961945031712,297.0,0.5200129067771069
0.8709068010075567,0.8709068010075567,0.8709068010075567,0.8709068010075567,0.5200129067771069
0.8229622714396085,0.7093227654807825,0.7453772685427436,1588.0,0.5200129067771069
0.8615196034707902,0.8709068010075567,0.8572843136279671,1588.0,0.5200129067771069
