precision,recall,f1-score,support,matthew
0.8891257995735607,0.9645335389360061,0.9252958579881656,1297.0,0.4943565684911585
0.7228915662650602,0.43478260869565216,0.5429864253393665,276.0,0.4943565684911585
0.8715829624920534,0.8715829624920534,0.8715829624920534,0.8715829624920534,0.4943565684911585
0.8060086829193105,0.6996580738158291,0.734141141663766,1573.0,0.4943565684911585
0.8599581909320184,0.8715829624920534,0.8582154998120255,1573.0,0.4943565684911585
