precision,recall,f1-score,support,matthew
0.8852233676975945,0.9787234042553191,0.9296282930350055,1316.0,0.5479172518301816
0.8260869565217391,0.44333333333333336,0.5770065075921909,300.0,0.5479172518301816
0.8793316831683168,0.8793316831683168,0.8793316831683168,0.8793316831683168,0.5479172518301816
0.8556551621096669,0.7110283687943262,0.7533174003135982,1616.0,0.5479172518301816
0.8742450735436609,0.8793316831683168,0.864166327915671,1616.0,0.5479172518301816
