precision,recall,f1-score,support,matthew
0.8830616583982991,0.965143299767622,0.9222797927461139,1291.0,0.5075024682910172
0.7457627118644068,0.4444444444444444,0.5569620253164557,297.0,0.5075024682910172
0.8677581863979849,0.8677581863979849,0.8677581863979849,0.8677581863979849,0.5075024682910172
0.8144121851313529,0.7047938721060332,0.7396209090312849,1588.0,0.5075024682910172
0.8573829511435347,0.8677581863979849,0.8539552480820027,1588.0,0.5075024682910172
