precision,recall,f1-score,support,matthew
0.8847765363128491,0.9723714504988488,0.9265082266910419,1303.0,0.5667085231958333
0.8134715025906736,0.48757763975155277,0.6097087378640776,322.0,0.5667085231958333
0.8763076923076923,0.8763076923076923,0.8763076923076923,0.8763076923076923,0.5667085231958333
0.8491240194517613,0.7299745451252008,0.7681084822775598,1625.0,0.5667085231958333
0.8706471696306703,0.8763076923076923,0.8637331895204065,1625.0,0.5667085231958333
