precision,recall,f1-score,support,matthew
0.8854092526690391,0.9673405909797823,0.924563359345968,1286.0,0.5304595099702741
0.7679558011049724,0.4633333333333333,0.577962577962578,300.0,0.5304595099702741
0.8720050441361917,0.8720050441361917,0.8720050441361917,0.8720050441361917,0.5304595099702741
0.8266825268870057,0.7153369621565578,0.751262968654273,1586.0,0.5304595099702741
0.8631923324488499,0.8720050441361917,0.859002051391985,1586.0,0.5304595099702741
