mean_fit_time,std_fit_time,mean_score_time,std_score_time,param_model__random_state,param_model__n_jobs,param_model__n_estimators,params,split0_test_recall,split1_test_recall,mean_test_recall,std_test_recall,rank_test_recall,split0_test_f1,split1_test_f1,mean_test_f1,std_test_f1,rank_test_f1,split0_test_precision,split1_test_precision,mean_test_precision,std_test_precision,rank_test_precision,split0_test_matthew,split1_test_matthew,mean_test_matthew,std_test_matthew,rank_test_matthew
0.029033780097961426,0.0004781484603881836,0.007728219032287598,0.00048410892486572266,1,-1,1,"{'model__random_state': 1, 'model__n_jobs': -1, 'model__n_estimators': 1}",0.58,0.6,0.59,0.010000000000000009,3,0.5979381443298969,0.5970149253731343,0.5974765348515156,0.0004616094783813085,3,0.6170212765957447,0.594059405940594,0.6055403412681694,0.011480935327575326,3,0.5035276690984635,0.49764106016069987,0.5005843646295817,0.002943304468881802,3
0.4878135919570923,0.005698561668395996,0.039229393005371094,0.00029349327087402344,1,-1,50,"{'model__random_state': 1, 'model__n_jobs': -1, 'model__n_estimators': 50}",0.57,0.65,0.61,0.040000000000000036,2,0.6298342541436465,0.6842105263157895,0.657022390229718,0.027188136086071513,2,0.7037037037037037,0.7222222222222222,0.712962962962963,0.009259259259259245,2,0.5551936492457767,0.613103119597968,0.5841483844218724,0.028954735176095647,2
1.1172159910202026,0.0001569986343383789,0.05192601680755615,0.0017310380935668945,1,-1,200,"{'model__random_state': 1, 'model__n_jobs': -1, 'model__n_estimators': 200}",0.58,0.67,0.625,0.04500000000000004,1,0.6270270270270271,0.7052631578947369,0.666145092460882,0.03911806543385493,1,0.6823529411764706,0.7444444444444445,0.7133986928104575,0.03104575163398693,1,0.5473491184328907,0.639036207421096,0.5931926629269934,0.04584354449410266,1
