precision,recall,f1-score,support,matthew
0.8878416588124411,0.9751552795031055,0.9294523926985693,966.0,0.6169332680180595
0.852760736196319,0.5387596899224806,0.6603325415676958,258.0,0.6169332680180595
0.8831699346405228,0.8831699346405228,0.8831699346405228,0.8831699346405228,0.6169332680180595
0.8703011975043801,0.7569574847127931,0.7948924671331326,1224.0,0.6169332680180595
0.8804471506139447,0.8831699346405228,0.8727261495680421,1224.0,0.6169332680180595
