precision,recall,f1-score,support,matthew
0.9202127659574468,0.9453551912568307,0.9326145552560647,183.0,0.5728301474590008
0.6875,0.5945945945945946,0.6376811594202898,37.0,0.5728301474590008
0.8863636363636364,0.8863636363636364,0.8863636363636364,0.8863636363636364,0.5728301474590008
0.8038563829787234,0.7699748929257126,0.7851478573381773,220.0,0.5728301474590008
0.8810747098646036,0.8863636363636364,0.8830121205018662,220.0,0.5728301474590008
