precision,recall,f1-score,support,matthew
0.9269662921348315,0.9880239520958084,0.9565217391304348,167.0,0.22763011703908834
0.5,0.13333333333333333,0.2105263157894737,15.0,0.22763011703908834
0.9175824175824175,0.9175824175824175,0.9175824175824175,0.9175824175824175,0.22763011703908834
0.7134831460674158,0.5606786427145709,0.5835240274599542,182.0,0.22763011703908834
0.8917767625632794,0.9175824175824175,0.895038599844092,182.0,0.22763011703908834
