precision,recall,f1-score,support,matthew
0.9175824175824175,0.9382022471910112,0.9277777777777777,178.0,0.5871072338464172
0.6944444444444444,0.625,0.6578947368421053,40.0,0.5871072338464172
0.8807339449541285,0.8807339449541285,0.8807339449541285,0.8807339449541285,0.5871072338464172
0.806013431013431,0.7816011235955056,0.7928362573099415,218.0,0.5871072338464172
0.8766396702176519,0.8807339449541285,0.8782579537528836,218.0,0.5871072338464172
