precision,recall,f1-score,support,matthew
0.927710843373494,0.9808917197452229,0.9535603715170279,157.0,-0.037166133296332456
0.0,0.0,0.0,12.0,-0.037166133296332456
0.9112426035502958,0.9112426035502958,0.9112426035502958,0.9112426035502958,-0.037166133296332456
0.463855421686747,0.49044585987261147,0.47678018575851394,169.0,-0.037166133296332456
0.8618378840807016,0.9112426035502958,0.8858519427702567,169.0,-0.037166133296332456
