precision,recall,f1-score,support,matthew
0.8809523809523809,0.9645464025026069,0.9208561473369836,959.0,0.5302265468234437
0.7655172413793103,0.4703389830508475,0.5826771653543308,236.0,0.5302265468234437
0.8669456066945607,0.8669456066945607,0.8669456066945607,0.8669456066945607,0.5302265468234437
0.8232348111658456,0.7174426927767272,0.7517666563456572,1195.0,0.5302265468234437
0.8581551483672388,0.8669456066945607,0.8540693358324597,1195.0,0.5302265468234437
