precision,recall,f1-score,support,matthew
0.8709677419354839,0.9152542372881356,0.8925619834710744,177.0,0.40447252113134213
0.5714285714285714,0.45454545454545453,0.5063291139240506,44.0,0.40447252113134213
0.8235294117647058,0.8235294117647058,0.8235294117647058,0.8235294117647058,0.40447252113134213
0.7211981566820276,0.6848998459167951,0.6994455486975625,221.0,0.40447252113134213
0.8113309840065058,0.8235294117647058,0.8156649415703094,221.0,0.40447252113134213
