precision,recall,f1-score,support,matthew
0.8769230769230769,0.9715909090909091,0.921832884097035,176.0,0.5477571348580307
0.8076923076923077,0.4666666666666667,0.5915492957746479,45.0,0.5477571348580307
0.8687782805429864,0.8687782805429864,0.8687782805429864,0.8687782805429864,0.5477571348580307
0.8423076923076923,0.7191287878787879,0.7566910899358414,221.0,0.5477571348580307
0.8628263139575356,0.8687782805429864,0.8545805697327481,221.0,0.5477571348580307
