precision,recall,f1-score,support,matthew
0.9,0.9870967741935484,0.9415384615384615,155.0,-0.035921060405354976
0.0,0.0,0.0,17.0,-0.035921060405354976
0.8895348837209303,0.8895348837209303,0.8895348837209303,0.8895348837209303,-0.035921060405354976
0.45,0.4935483870967742,0.4707692307692308,172.0,-0.035921060405354976
0.811046511627907,0.8895348837209303,0.848479427549195,172.0,-0.035921060405354976
