precision,recall,f1-score,support,matthew
0.8787010506208214,0.968421052631579,0.9213820731096645,950.0,0.5570567028745622
0.8013245033112583,0.4879032258064516,0.606516290726817,248.0,0.5570567028745622
0.8689482470784641,0.8689482470784641,0.8689482470784641,0.8689482470784641,0.5570567028745622
0.8400127769660398,0.7281621392190153,0.7639491819182407,1198.0,0.5570567028745622
0.8626832010943007,0.8689482470784641,0.8562011765896761,1198.0,0.5570567028745622
