precision,recall,f1-score,support,matthew
0.880838894184938,0.9655172413793104,0.9212362911266201,957.0,0.5593008202467553
0.7911392405063291,0.5,0.6127450980392157,250.0,0.5593008202467553
0.8690969345484673,0.8690969345484673,0.8690969345484673,0.8690969345484673,0.5593008202467553
0.8359890673456336,0.7327586206896552,0.7669906945829179,1207.0,0.5593008202467553
0.8622598441272311,0.8690969345484673,0.8573400208102563,1207.0,0.5593008202467553
