precision,recall,f1-score,support,matthew
0.8853681267474371,0.9783728115345005,0.9295499021526419,971.0,0.610681895809654
0.8636363636363636,0.51953125,0.648780487804878,256.0,0.610681895809654
0.882640586797066,0.882640586797066,0.882640586797066,0.882640586797066,0.610681895809654
0.8745022451919005,0.7489520307672503,0.7891651949787599,1227.0,0.610681895809654
0.8808340343624047,0.882640586797066,0.8709704644403129,1227.0,0.610681895809654
