precision,recall,f1-score,support,matthew
0.9060773480662984,0.9060773480662984,0.9060773480662984,181.0,0.4914432017248349
0.5853658536585366,0.5853658536585366,0.5853658536585366,41.0,0.4914432017248349
0.8468468468468469,0.8468468468468469,0.8468468468468469,0.8468468468468469,0.4914432017248349
0.7457216008624175,0.7457216008624175,0.7457216008624175,222.0,0.4914432017248349
0.8468468468468469,0.8468468468468469,0.8468468468468469,222.0,0.4914432017248349
