precision,recall,f1-score,support,matthew
0.9367816091954023,0.9939024390243902,0.9644970414201184,164.0,-0.0196335934742207
0.0,0.0,0.0,11.0,-0.0196335934742207
0.9314285714285714,0.9314285714285714,0.9314285714285714,0.9314285714285714,-0.0196335934742207
0.46839080459770116,0.4969512195121951,0.4822485207100592,175.0,-0.0196335934742207
0.8778981937602628,0.9314285714285714,0.9038715131022824,175.0,-0.0196335934742207
