precision,recall,f1-score,support,matthew
0.9252873563218391,0.9938271604938271,0.9583333333333333,162.0,0.45392193776612677
0.8333333333333334,0.2777777777777778,0.4166666666666667,18.0,0.45392193776612677
0.9222222222222223,0.9222222222222223,0.9222222222222223,0.9222222222222223,0.45392193776612677
0.8793103448275863,0.6358024691358024,0.6875,180.0,0.45392193776612677
0.9160919540229885,0.9222222222222223,0.9041666666666667,180.0,0.45392193776612677
