precision,recall,f1-score,support,matthew
0.8829787234042553,0.9490644490644491,0.9148296593186374,962.0,0.5129068363237371
0.7083333333333334,0.49583333333333335,0.5833333333333334,240.0,0.5129068363237371
0.8585690515806988,0.8585690515806988,0.8585690515806988,0.8585690515806988,0.5129068363237371
0.7956560283687943,0.7224488911988912,0.7490814963259853,1202.0,0.5129068363237371
0.8481077636563176,0.8585690515806988,0.8486407090387098,1202.0,0.5129068363237371
