precision,recall,f1-score,support,matthew
0.8900523560209425,0.9770114942528736,0.9315068493150686,174.0,0.5997827588487515
0.8461538461538461,0.5116279069767442,0.6376811594202898,43.0,0.5997827588487515
0.8847926267281107,0.8847926267281107,0.8847926267281107,0.8847926267281107,0.5997827588487515
0.8681031010873943,0.7443197006148089,0.7845940043676791,217.0,0.5997827588487515
0.8813535729597206,0.8847926267281107,0.873283325511034,217.0,0.5997827588487515
