precision,recall,f1-score,support,matthew
0.8691099476439791,0.9273743016759777,0.8972972972972973,179.0,0.40774479040720735
0.59375,0.4318181818181818,0.5,44.0,0.40774479040720735
0.8295964125560538,0.8295964125560538,0.8295964125560538,0.8295964125560538,0.40774479040720735
0.7314299738219896,0.6795962417470798,0.6986486486486487,223.0,0.40774479040720735
0.8147788368980818,0.8295964125560538,0.8189067991758575,223.0,0.40774479040720735
