precision,recall,f1-score,support,matthew
0.8795811518324608,0.9491525423728814,0.9130434782608695,177.0,0.5184032774071208
0.71875,0.5,0.5897435897435898,46.0,0.5184032774071208
0.8565022421524664,0.8565022421524664,0.8565022421524664,0.8565022421524664,0.5184032774071208
0.7991655759162304,0.7245762711864407,0.7513935340022296,223.0,0.5184032774071208
0.8464052191674689,0.8565022421524664,0.8463538151586504,223.0,0.5184032774071208
