precision,recall,f1-score,support,matthew
0.8816793893129771,0.9716088328075709,0.9244622311155578,951.0,0.5669429138093574
0.815068493150685,0.4897119341563786,0.6118251928020566,243.0,0.5669429138093574
0.873534338358459,0.873534338358459,0.873534338358459,0.873534338358459,0.5669429138093574
0.848373941231831,0.7306603834819747,0.7681437119588073,1194.0,0.5669429138093574
0.8681229003955256,0.873534338358459,0.860835095177383,1194.0,0.5669429138093574
