precision,recall,f1-score,support,matthew
0.907608695652174,0.9542857142857143,0.9303621169916435,175.0,0.6427126705090885
0.7894736842105263,0.6382978723404256,0.7058823529411764,47.0,0.6427126705090885
0.8873873873873874,0.8873873873873874,0.8873873873873874,0.8873873873873874,0.6427126705090885
0.8485411899313502,0.79629179331307,0.8181222349664099,222.0,0.6427126705090885
0.8825981301667801,0.8873873873873874,0.8828371218998778,222.0,0.6427126705090885
