precision,recall,f1-score,support,matthew
0.8940839694656488,0.961025641025641,0.9263470093919921,975.0,0.5677109756954508
0.7654320987654321,0.5276595744680851,0.6246851385390428,235.0,0.5677109756954508
0.8768595041322315,0.8768595041322315,0.8768595041322315,0.8768595041322315,0.5677109756954508
0.8297580341155404,0.7443426077468631,0.7755160739655175,1210.0,0.5677109756954508
0.8690978623461852,0.8768595041322315,0.8677597865403862,1210.0,0.5677109756954508
