precision,recall,f1-score,support,matthew
0.9461077844311377,0.9937106918238994,0.9693251533742332,159.0,-0.018410452248802122
0.0,0.0,0.0,9.0,-0.018410452248802122
0.9404761904761905,0.9404761904761905,0.9404761904761905,0.9404761904761905,-0.018410452248802122
0.47305389221556887,0.4968553459119497,0.4846625766871166,168.0,-0.018410452248802122
0.8954234388366125,0.9404761904761905,0.9173970201577565,168.0,-0.018410452248802122
