precision,recall,f1-score,support,matthew
0.9005524861878453,0.9157303370786517,0.9080779944289694,178.0,0.5293891112963666
0.6428571428571429,0.6,0.6206896551724138,45.0,0.5293891112963666
0.852017937219731,0.852017937219731,0.852017937219731,0.852017937219731,0.5293891112963666
0.7717048145224941,0.7578651685393258,0.7643838248006916,223.0,0.5293891112963666
0.8485511837220086,0.852017937219731,0.8500848317987229,223.0,0.5293891112963666
