precision,recall,f1-score,support,matthew
0.9382716049382716,0.9934640522875817,0.9650793650793651,153.0,0.1922975633815788
0.5,0.09090909090909091,0.15384615384615385,11.0,0.1922975633815788
0.9329268292682927,0.9329268292682927,0.9329268292682927,0.9329268292682927,0.1922975633815788
0.7191358024691358,0.5421865715983363,0.5594627594627595,164.0,0.1922975633815788
0.9088753387533874,0.9329268292682927,0.9106673813990888,164.0,0.1922975633815788
