precision,recall,f1-score,support,matthew
0.95,0.9620253164556962,0.9559748427672956,158.0,0.37447552654179606
0.45454545454545453,0.38461538461538464,0.41666666666666663,13.0,0.37447552654179606
0.9181286549707602,0.9181286549707602,0.9181286549707602,0.9181286549707602,0.37447552654179606
0.7022727272727273,0.6733203505355404,0.6863207547169812,171.0,0.37447552654179606
0.9123338649654439,0.9181286549707602,0.9149748059877156,171.0,0.37447552654179606
