precision,recall,f1-score,support,matthew
0.8826335877862596,0.9736842105263158,0.9259259259259259,950.0,0.5516012981601071
0.8106060606060606,0.4652173913043478,0.5911602209944751,230.0,0.5516012981601071
0.8745762711864407,0.8745762711864407,0.8745762711864407,0.8745762711864407,0.5516012981601071
0.84661982419616,0.7194508009153318,0.7585430734602006,1180.0,0.5516012981601071
0.8685943240138478,0.8745762711864407,0.8606749834392872,1180.0,0.5516012981601071
