precision,recall,f1-score,support,matthew
0.9235294117647059,0.98125,0.9515151515151515,160.0,-0.03786586232230509
0.0,0.0,0.0,13.0,-0.03786586232230509
0.9075144508670521,0.9075144508670521,0.9075144508670521,0.9075144508670521,-0.03786586232230509
0.46176470588235297,0.490625,0.47575757575757577,173.0,-0.03786586232230509
0.8541312478748726,0.9075144508670521,0.8800140129619899,173.0,-0.03786586232230509
