precision,recall,f1-score,support,matthew
0.9055555555555556,0.9939024390243902,0.9476744186046511,164.0,0.14162614330883114
0.5,0.05555555555555555,0.09999999999999999,18.0,0.14162614330883114
0.9010989010989011,0.9010989010989011,0.9010989010989011,0.9010989010989011,0.14162614330883114
0.7027777777777777,0.5247289972899729,0.5238372093023256,182.0,0.14162614330883114
0.8654456654456655,0.9010989010989011,0.8638384870943011,182.0,0.14162614330883114
