precision,recall,f1-score,support,matthew
0.9454545454545454,0.9936305732484076,0.9689440993788819,157.0,0.32771314379578736
0.6666666666666666,0.18181818181818182,0.28571428571428575,11.0,0.32771314379578736
0.9404761904761905,0.9404761904761905,0.9404761904761905,0.9404761904761905,0.32771314379578736
0.806060606060606,0.5877243775332948,0.6273291925465838,168.0,0.32771314379578736
0.9272005772005772,0.9404761904761905,0.9242088139603666,168.0,0.32771314379578736
