precision,recall,f1-score,support,matthew
0.9333333333333333,1.0,0.9655172413793104,154.0,0.0
0.0,0.0,0.0,11.0,0.0
0.9333333333333333,0.9333333333333333,0.9333333333333333,0.9333333333333333,0.0
0.4666666666666667,0.5,0.4827586206896552,165.0,0.0
0.8711111111111112,0.9333333333333333,0.9011494252873564,165.0,0.0
