precision,recall,f1-score,support,matthew
0.9122807017543859,1.0,0.9541284403669724,156.0,0.0
0.0,0.0,0.0,15.0,0.0
0.9122807017543859,0.9122807017543859,0.9122807017543859,0.9122807017543859,0.0
0.45614035087719296,0.5,0.4770642201834862,171.0,0.0
0.8322560787934749,0.9122807017543859,0.8704329631417994,171.0,0.0
