precision,recall,f1-score,support,matthew
0.8762886597938144,0.9770114942528736,0.9239130434782609,174.0,0.5424070893887838
0.8260869565217391,0.4418604651162791,0.5757575757575758,43.0,0.5424070893887838
0.8709677419354839,0.8709677419354839,0.8709677419354839,0.8709677419354839,0.5424070893887838
0.8511878081577768,0.7094359796845764,0.7498353096179183,217.0,0.5424070893887838
0.8663408568412834,0.8709677419354839,0.8549237111649453,217.0,0.5424070893887838
