precision,recall,f1-score,support,matthew
0.8753437213565536,0.9734964322120285,0.9218146718146718,981.0,0.5403921950464619
0.8115942028985508,0.45161290322580644,0.5803108808290155,248.0,0.5403921950464619
0.8681855166802278,0.8681855166802278,0.8681855166802278,0.8681855166802278,0.5403921950464619
0.8434689621275522,0.7125546677189175,0.7510627763218436,1229.0,0.5403921950464619
0.8624797013585188,0.8681855166802278,0.852902596823262,1229.0,0.5403921950464619
