precision,recall,f1-score,support,matthew
0.9230769230769231,0.9936305732484076,0.9570552147239264,157.0,0.16590666878685945
0.5,0.07142857142857142,0.125,14.0,0.16590666878685945
0.9181286549707602,0.9181286549707602,0.9181286549707602,0.9181286549707602,0.16590666878685945
0.7115384615384616,0.5325295723384895,0.5410276073619632,171.0,0.16590666878685945
0.8884390463337832,0.9181286549707602,0.8889337351558856,171.0,0.16590666878685945
