precision,recall,f1-score,support,matthew
0.8656716417910447,0.9636552440290758,0.912039312039312,963.0,0.4541868101670366
0.7222222222222222,0.3872340425531915,0.5041551246537396,235.0,0.4541868101670366
0.8505843071786311,0.8505843071786311,0.8505843071786311,0.8505843071786311,0.4541868101670366
0.7939469320066335,0.6754446432911336,0.7080972183465257,1198.0,0.4541868101670366
0.8375325653313841,0.8505843071786311,0.8320286408910569,1198.0,0.4541868101670366
