precision,recall,f1-score,support,matthew
0.9112426035502958,1.0,0.9535603715170279,154.0,0.0
0.0,0.0,0.0,15.0,0.0
0.9112426035502958,0.9112426035502958,0.9112426035502958,0.9112426035502958,0.0
0.4556213017751479,0.5,0.47678018575851394,169.0,0.0
0.8303630825251216,0.9112426035502958,0.8689248355835638,169.0,0.0
