precision,recall,f1-score,support,matthew
0.865988909426987,0.9590583418628454,0.9101505585235551,977.0,0.4684952405597117
0.7202797202797203,0.4153225806451613,0.5268542199488491,248.0,0.4684952405597117
0.8489795918367347,0.8489795918367347,0.8489795918367347,0.8489795918367347,0.4684952405597117
0.7931343148533536,0.6871904612540034,0.7185023892362021,1225.0,0.4684952405597117
0.8364902327669689,0.8489795918367347,0.8325526058978187,1225.0,0.4684952405597117
