precision,recall,f1-score,support,matthew
0.8715596330275229,0.9693877551020408,0.9178743961352657,980.0,0.4809471076184432
0.7560975609756098,0.39914163090128757,0.5224719101123595,233.0,0.4809471076184432
0.8598516075845012,0.8598516075845012,0.8598516075845012,0.8598516075845012,0.4809471076184432
0.8138285970015664,0.6842646930016641,0.7201731531238126,1213.0,0.4809471076184432
0.8493810157248883,0.8598516075845012,0.8419232178637595,1213.0,0.4809471076184432
