precision,recall,f1-score,support,matthew
0.876750700280112,0.9581632653061225,0.9156509019990249,980.0,0.5039536844429873
0.7320261437908496,0.45901639344262296,0.5642317380352645,244.0,0.5039536844429873
0.8586601307189542,0.8586601307189542,0.8586601307189542,0.8586601307189542,0.5039536844429873
0.8043884220354809,0.7085898293743728,0.7399413200171447,1224.0,0.5039536844429873
0.8479003801956513,0.8586601307189542,0.8455967549343536,1224.0,0.5039536844429873
