precision,recall,f1-score,support,matthew
0.9349112426035503,1.0,0.9663608562691132,158.0,0.0
0.0,0.0,0.0,11.0,0.0
0.9349112426035503,0.9349112426035503,0.9349112426035503,0.9349112426035503,0.0
0.46745562130177515,0.5,0.4831804281345566,169.0,0.0
0.8740590315465144,0.9349112426035503,0.9034616289379875,169.0,0.0
