precision,recall,f1-score,support,matthew
0.8813397129186603,0.9573804573804574,0.9177877428998505,962.0,0.5228075202633327
0.7388535031847133,0.48333333333333334,0.5843828715365239,240.0,0.5228075202633327
0.8627287853577371,0.8627287853577371,0.8627287853577371,0.8627287853577371,0.5228075202633327
0.8100966080516868,0.7203568953568954,0.7510853072181872,1202.0,0.5228075202633327
0.8528898873478222,0.8627287853577371,0.8512177186675723,1202.0,0.5228075202633327
