precision,recall,f1-score,support,matthew
0.8673469387755102,0.9497206703910615,0.9066666666666667,179.0,0.4095924319792208
0.64,0.38095238095238093,0.4776119402985074,42.0,0.4095924319792208
0.8416289592760181,0.8416289592760181,0.8416289592760181,0.8416289592760181,0.4095924319792208
0.7536734693877551,0.6653365256717212,0.6921393034825871,221.0,0.4095924319792208
0.8241407332163635,0.8416289592760181,0.8251268544157043,221.0,0.4095924319792208
