precision,recall,f1-score,support,matthew
0.876425855513308,0.9614181438998958,0.9169567379413228,959.0,0.5035902985531233
0.7412587412587412,0.4491525423728814,0.5593667546174143,236.0,0.5035902985531233
0.8602510460251046,0.8602510460251046,0.8602510460251046,0.8602510460251046,0.5035902985531233
0.8088422983860246,0.7052853431363886,0.7381617462793686,1195.0,0.5035902985531233
0.8497317643299793,0.8602510460251046,0.846336456715848,1195.0,0.5035902985531233
