precision,recall,f1-score,support,matthew
0.8629441624365483,0.9497206703910615,0.9042553191489361,179.0,0.4167554620942753
0.6538461538461539,0.38636363636363635,0.48571428571428565,44.0,0.4167554620942753
0.8385650224215246,0.8385650224215246,0.8385650224215246,0.8385650224215246,0.4167554620942753
0.7583951581413511,0.6680421533773488,0.6949848024316109,223.0,0.4167554620942753
0.8216871562572776,0.8385650224215246,0.8216732318344759,223.0,0.4167554620942753
