precision,recall,f1-score,support,matthew
0.8682242990654205,0.9687174139728885,0.9157220305569246,959.0,0.5033493710081277
0.7761194029850746,0.42448979591836733,0.5488126649076518,245.0,0.5033493710081277
0.8579734219269103,0.8579734219269103,0.8579734219269103,0.8579734219269103,0.5033493710081277
0.8221718510252476,0.6966036049456279,0.7322673477322882,1204.0,0.5033493710081277
0.8494820237002338,0.8579734219269103,0.8410602410352702,1204.0,0.5033493710081277
