precision,recall,f1-score,support,matthew
0.8645038167938931,0.9577167019027484,0.9087261785356069,946.0,0.47248076015127016
0.7222222222222222,0.42276422764227645,0.5333333333333333,246.0,0.47248076015127016
0.8473154362416108,0.8473154362416108,0.8473154362416108,0.8473154362416108,0.47248076015127016
0.7933630195080577,0.6902404647725124,0.72102975593447,1192.0,0.47248076015127016
0.8351403333504106,0.8473154362416108,0.8312541651801042,1192.0,0.47248076015127016
