precision,recall,f1-score,support,matthew
0.9345238095238095,1.0,0.9661538461538461,157.0,0.0
0.0,0.0,0.0,11.0,0.0
0.9345238095238095,0.9345238095238095,0.9345238095238095,0.9345238095238095,0.0
0.46726190476190477,0.5,0.48307692307692307,168.0,0.0
0.8733347505668935,0.9345238095238095,0.9028937728937729,168.0,0.0
