precision,recall,f1-score,support,matthew
0.8710865561694291,0.9653061224489796,0.9157792836398839,980.0,0.5268587704865648
0.7792207792207793,0.46153846153846156,0.5797101449275364,260.0,0.5268587704865648
0.8596774193548387,0.8596774193548387,0.8596774193548387,0.8596774193548387,0.5268587704865648
0.8251536676951041,0.7134222919937205,0.7477447142837101,1240.0,0.5268587704865648
0.8518243771318089,0.8596774193548387,0.8453131739098755,1240.0,0.5268587704865648
