precision,recall,f1-score,support,matthew
0.8606965174129353,0.9774011299435028,0.9153439153439153,177.0,0.5003060673956369
0.8181818181818182,0.391304347826087,0.5294117647058824,46.0,0.5003060673956369
0.8565022421524664,0.8565022421524664,0.8565022421524664,0.8565022421524664,0.5003060673956369
0.8394391677973767,0.6843527388847949,0.7223778400248988,223.0,0.5003060673956369
0.8519266691410456,0.8565022421524664,0.8357345927907784,223.0,0.5003060673956369
