precision,recall,f1-score,support,matthew
0.8728971962616823,0.959917780061665,0.9143416544297601,973.0,0.47901583861036456
0.7214285714285714,0.42616033755274263,0.5358090185676393,237.0,0.47901583861036456
0.8553719008264463,0.8553719008264463,0.8553719008264463,0.8553719008264463,0.47901583861036456
0.7971628838451268,0.6930390588072037,0.7250753364986997,1210.0,0.47901583861036456
0.8432293747034614,0.8553719008264463,0.8401993117030472,1210.0,0.47901583861036456
