precision,recall,f1-score,support,matthew
0.8507462686567164,0.9715909090909091,0.9071618037135277,176.0,0.41263432434118835
0.7368421052631579,0.3181818181818182,0.44444444444444436,44.0,0.41263432434118835
0.8409090909090909,0.8409090909090909,0.8409090909090909,0.8409090909090909,0.41263432434118835
0.7937941869599372,0.6448863636363636,0.675803124078986,220.0,0.41263432434118835
0.8279654359780048,0.8409090909090909,0.814618331859711,220.0,0.41263432434118835
