precision,recall,f1-score,support,matthew
0.8480392156862745,0.9885714285714285,0.9129287598944591,175.0,0.4923891819507973
0.8888888888888888,0.3404255319148936,0.4923076923076923,47.0,0.4923891819507973
0.8513513513513513,0.8513513513513513,0.8513513513513513,0.8513513513513513,0.4923891819507973
0.8684640522875817,0.664498480243161,0.7026182261010757,222.0,0.4923891819507973
0.856687569922864,0.8513513513513513,0.8238783536936571,222.0,0.4923891819507973
