precision,recall,f1-score,support,matthew
0.8814432989690721,0.9606741573033708,0.9193548387096774,178.0,0.4626687273766657
0.6956521739130435,0.41025641025641024,0.5161290322580646,39.0,0.4626687273766657
0.8617511520737328,0.8617511520737328,0.8617511520737328,0.8617511520737328,0.4626687273766657
0.7885477364410578,0.6854652837798905,0.717741935483871,217.0,0.4626687273766657
0.8480522672769748,0.8617511520737328,0.8468856845547792,217.0,0.4626687273766657
