precision,recall,f1-score,support,matthew
0.873453853472883,0.9652996845425867,0.9170829170829171,951.0,0.5203276765119604
0.7708333333333334,0.45491803278688525,0.5721649484536082,244.0,0.5203276765119604
0.8610878661087866,0.8610878661087866,0.8610878661087866,0.8610878661087866,0.5203276765119604
0.8221435934031082,0.7101088586647359,0.7446239327682627,1195.0,0.5203276765119604
0.8525003748837197,0.8610878661087866,0.8466561519401963,1195.0,0.5203276765119604
