precision,recall,f1-score,support,matthew
0.8514851485148515,0.9772727272727273,0.91005291005291,176.0,0.4461902038856171
0.7894736842105263,0.3333333333333333,0.46875,45.0,0.4461902038856171
0.8461538461538461,0.8461538461538461,0.8461538461538461,0.8461538461538461,0.4461902038856171
0.820479416362689,0.6553030303030303,0.689401455026455,221.0,0.4461902038856171
0.838858379765102,0.8461538461538461,0.8201948514448514,221.0,0.4461902038856171
