precision,recall,f1-score,support,matthew
0.8983050847457628,1.0,0.9464285714285715,159.0,0.0
0.0,0.0,0.0,18.0,0.0
0.8983050847457628,0.8983050847457628,0.8983050847457628,0.8983050847457628,0.0
0.4491525423728814,0.5,0.47321428571428575,177.0,0.0
0.8069520252800919,0.8983050847457628,0.850181598062954,177.0,0.0
