precision,recall,f1-score,support,matthew
0.9,0.9715909090909091,0.9344262295081966,176.0,0.6120236084831651
0.8214285714285714,0.5476190476190477,0.6571428571428571,42.0,0.6120236084831651
0.8899082568807339,0.8899082568807339,0.8899082568807339,0.8899082568807339,0.6120236084831651
0.8607142857142858,0.7596049783549783,0.7957845433255268,218.0,0.6120236084831651
0.884862385321101,0.8899082568807339,0.8810046623552412,218.0,0.6120236084831651
