precision,recall,f1-score,support,matthew
0.8666666666666667,0.9634655532359081,0.9125061789421652,958.0,0.4736917662766359
0.7368421052631579,0.4083333333333333,0.5254691689008043,240.0,0.4736917662766359
0.8522537562604341,0.8522537562604341,0.8522537562604341,0.8522537562604341,0.4736917662766359
0.8017543859649123,0.6858994432846207,0.7189876739214848,1198.0,0.4736917662766359
0.8406584072869988,0.8522537562604341,0.8349695492176855,1198.0,0.4736917662766359
