precision,recall,f1-score,support,matthew
0.9289940828402367,0.9936708860759493,0.9602446483180428,158.0,0.17402411445206348
0.5,0.07692307692307693,0.13333333333333336,13.0,0.17402411445206348
0.9239766081871345,0.9239766081871345,0.9239766081871345,0.9239766081871345,0.17402411445206348
0.7144970414201184,0.5352969814995131,0.5467889908256881,171.0,0.17402411445206348
0.8963804975950725,0.9239766081871345,0.8973800454244684,171.0,0.17402411445206348
