precision,recall,f1-score,support,matthew
0.8767857142857143,0.9713155291790306,0.9216330361332707,1011.0,0.5118419838042009
0.7803030303030303,0.42738589211618255,0.5522788203753352,241.0,0.5118419838042009
0.8666134185303515,0.8666134185303515,0.8666134185303515,0.8666134185303515,0.5118419838042009
0.8285443722943723,0.6993507106476066,0.736955928254303,1252.0,0.5118419838042009
0.8582135682475139,0.8666134185303515,0.8505352997134126,1252.0,0.5118419838042009
