precision,recall,f1-score,support,matthew
0.9190751445086706,1.0,0.9578313253012047,159.0,0.0
0.0,0.0,0.0,14.0,0.0
0.9190751445086706,0.9190751445086706,0.9190751445086706,0.9190751445086706,0.0
0.4595375722543353,0.5,0.47891566265060237,173.0,0.0
0.8446991212536337,0.9190751445086706,0.8803189637161362,173.0,0.0
