precision,recall,f1-score,support,matthew
0.8614958448753463,0.96086508753862,0.9084712755598832,971.0,0.4776457963521284
0.7397260273972602,0.4186046511627907,0.5346534653465347,258.0,0.4776457963521284
0.8470301057770545,0.8470301057770545,0.8470301057770545,0.8470301057770545,0.4776457963521284
0.8006109361363032,0.6897348693507054,0.7215623704532089,1229.0,0.4776457963521284
0.8359331004413786,0.8470301057770545,0.829996910193696,1229.0,0.4776457963521284
