precision,recall,f1-score,support,matthew
0.8793969849246231,0.9887005649717514,0.9308510638297872,177.0,0.5587799599510468
0.8947368421052632,0.4146341463414634,0.5666666666666667,41.0,0.5587799599510468
0.8807339449541285,0.8807339449541285,0.8807339449541285,0.8807339449541285,0.5587799599510468
0.8870669135149432,0.7016673556566074,0.7487588652482269,218.0,0.5587799599510468
0.8822820039356609,0.8807339449541285,0.8623576680330536,218.0,0.5587799599510468
