precision,recall,f1-score,support,matthew
0.9015544041450777,0.9775280898876404,0.9380053908355794,178.0,0.6104522243900773
0.84,0.525,0.6461538461538462,40.0,0.6104522243900773
0.8944954128440367,0.8944954128440367,0.8944954128440367,0.8944954128440367,0.6104522243900773
0.8707772020725388,0.7512640449438202,0.7920796184947128,218.0,0.6104522243900773
0.890260018063412,0.8944954128440367,0.8844546486921422,218.0,0.6104522243900773
