precision,recall,f1-score,support,matthew
0.8659695817490495,0.946985446985447,0.9046673286991063,962.0,0.47857632573928394
0.7,0.4576923076923077,0.5534883720930233,260.0,0.47857632573928394
0.8428805237315876,0.8428805237315876,0.8428805237315876,0.8428805237315876,0.47857632573928394
0.7829847908745247,0.7023388773388773,0.7290778503960648,1222.0,0.47857632573928394
0.8306569047811666,0.8428805237315876,0.8299484017616419,1222.0,0.47857632573928394
