precision,recall,f1-score,support,matthew
0.8683473389355743,0.9627329192546584,0.9131075110456554,966.0,0.5054375528106945
0.7583892617449665,0.4448818897637795,0.5607940446650124,254.0,0.5054375528106945
0.8549180327868853,0.8549180327868853,0.8549180327868853,0.8549180327868853,0.5054375528106945
0.8133683003402703,0.703807404509219,0.7369507778553339,1220.0,0.5054375528106945
0.8454544277827756,0.8549180327868853,0.8397570024713248,1220.0,0.5054375528106945
