precision,recall,f1-score,support,matthew
0.8656716417910447,0.9886363636363636,0.923076923076923,176.0,0.545497793400813
0.9,0.4,0.5538461538461539,45.0,0.545497793400813
0.8687782805429864,0.8687782805429864,0.8687782805429864,0.8687782805429864,0.545497793400813
0.8828358208955224,0.6943181818181818,0.7384615384615385,221.0,0.545497793400813
0.8726615789829134,0.8687782805429864,0.8478941872607031,221.0,0.545497793400813
