precision,recall,f1-score,support,matthew
0.8675252989880404,0.9661885245901639,0.9142026175472613,976.0,0.5062508374307394
0.7708333333333334,0.43529411764705883,0.5563909774436091,255.0,0.5062508374307394
0.8562144597887896,0.8562144597887896,0.8562144597887896,0.8562144597887896,0.5062508374307394
0.8191793161606868,0.7007413211186113,0.7352967974954352,1231.0,0.5062508374307394
0.8474956879060336,0.8562144597887896,0.8400824159010944,1231.0,0.5062508374307394
