precision,recall,f1-score,support,matthew
0.8689458689458689,0.964172813487882,0.9140859140859141,949.0,0.4974020634803858
0.7553956834532374,0.43209876543209874,0.5497382198952879,243.0,0.4974020634803858
0.8557046979865772,0.8557046979865772,0.8557046979865772,0.8557046979865772,0.4974020634803858
0.8121707761995531,0.6981357894599903,0.731912066990601,1192.0,0.4974020634803858
0.8457976348227905,0.8557046979865772,0.8398103354883284,1192.0,0.4974020634803858
